Country Name, Year,internetUsers
Afghanistan,2004,0.10580903
Afghanistan,2005,1.224148084
Afghanistan,2006,2.107123645
Afghanistan,2007,1.9
Afghanistan,2008,1.84
Afghanistan,2009,3.55
Afghanistan,2010,4.0
Afghanistan,2011,5.0
Afghanistan,2012,5.454545455
Afghanistan,2013,5.9
Afghanistan,2014,7.0
Albania,2004,2.420387798
Albania,2005,6.043890864
Albania,2006,9.609991316
Albania,2007,15.03611541
Albania,2008,23.86
Albania,2009,41.2
Albania,2010,45.0
Albania,2011,49.0
Albania,2012,54.65595904
Albania,2013,57.2
Albania,2014,60.1
Angola,2004,0.464814618
Angola,2005,1.143366827
Angola,2006,1.5
Angola,2007,1.7
Angola,2008,1.9
Angola,2009,2.3
Angola,2010,2.8
Angola,2011,3.1
Angola,2012,6.5
Angola,2013,8.9
Angola,2014,10.2
Arab World,2004,7.006812461
Arab World,2005,8.393141725
Arab World,2006,11.65464792
Arab World,2007,14.20590224
Arab World,2008,18.59353118
Arab World,2009,21.5453539
Arab World,2010,24.5357799
Arab World,2011,26.64546408
Arab World,2012,30.27449059
Arab World,2013,32.98467854
Arab World,2014,36.48301358
Argentina,2004,16.03668411
Argentina,2005,17.72058337
Argentina,2006,20.9272021
Argentina,2007,25.94663294
Argentina,2008,28.11262348
Argentina,2009,34.0
Argentina,2010,45.0
Argentina,2011,51.0
Argentina,2012,55.8
Argentina,2013,59.9
Argentina,2014,64.7
Armenia,2004,4.899008571
Armenia,2005,5.252983352
Armenia,2006,5.631787777
Armenia,2007,6.021253397000001
Armenia,2008,6.21
Armenia,2009,15.3
Armenia,2010,25.0
Armenia,2011,32.0
Armenia,2012,37.5
Armenia,2013,41.9
Armenia,2014,54.62280586
Australia,2004,17.65803592
Australia,2005,63.0
Australia,2006,66.0
Australia,2007,69.45
Australia,2008,71.67
Australia,2009,74.25
Australia,2010,76.0
Australia,2011,79.48769771
Australia,2012,79.0
Australia,2013,83.45349717
Australia,2014,84.0
Austria,2004,54.28
Austria,2005,58.0
Austria,2006,63.6
Austria,2007,69.37
Austria,2008,72.87
Austria,2009,73.45
Austria,2010,75.17
Austria,2011,78.73999309999998
Austria,2012,80.02999392
Austria,2013,80.6188
Austria,2014,80.99582496
Bangladesh,2004,0.199036334
Bangladesh,2005,0.241637326
Bangladesh,2006,1.0
Bangladesh,2007,1.8
Bangladesh,2008,2.5
Bangladesh,2009,3.1
Bangladesh,2010,3.7
Bangladesh,2011,4.5
Bangladesh,2012,5.0
Bangladesh,2013,6.63
Bangladesh,2014,13.9
Belize,2004,9.8
Belize,2005,17.0
Belize,2006,24.0
Belize,2007,24.6
Belize,2008,26.3
Belize,2009,27.2
Belize,2010,28.2
Belize,2011,30.7
Belize,2012,31.0
Belize,2013,33.6
Belize,2014,38.7
Benin,2004,1.182540965
Benin,2005,1.2710314390000002
Benin,2006,1.537854346
Benin,2007,1.79
Benin,2008,1.85
Benin,2009,2.24
Benin,2010,3.13
Benin,2011,4.1483230660000014
Benin,2012,4.5
Benin,2013,4.9
Benin,2014,6.0
Bhutan,2004,3.156984196
Bhutan,2005,3.847106745
Bhutan,2006,4.518317258
Bhutan,2007,5.92
Bhutan,2008,6.55
Bhutan,2009,7.17
Bhutan,2010,13.6
Bhutan,2011,14.4
Bhutan,2012,15.6
Bhutan,2013,22.4
Bhutan,2014,30.3
Bolivia,2004,4.439924601
Bolivia,2005,5.227583957
Bolivia,2006,6.200671255
Bolivia,2007,10.49924432
Bolivia,2008,12.5
Bolivia,2009,16.8
Bolivia,2010,22.4
Bolivia,2011,30.0
Bolivia,2012,35.34
Bolivia,2013,36.99
Bolivia,2014,34.6
Botswana,2004,3.304889253
Botswana,2005,3.262554036
Botswana,2006,4.289932975
Botswana,2007,5.28
Botswana,2008,6.25
Botswana,2009,6.15
Botswana,2010,6.0
Botswana,2011,9.0
Botswana,2012,16.0
Botswana,2013,30.0
Botswana,2014,36.74474744
Brazil,2004,19.07367227
Brazil,2005,21.02274725
Brazil,2006,28.17838018
Brazil,2007,30.88
Brazil,2008,33.83
Brazil,2009,39.22
Brazil,2010,40.65
Brazil,2011,45.69
Brazil,2012,48.56
Brazil,2013,51.04
Brazil,2014,54.55100188
Bulgaria,2004,18.13
Bulgaria,2005,19.97
Bulgaria,2006,27.09
Bulgaria,2007,33.64
Bulgaria,2008,39.67
Bulgaria,2009,45.0
Bulgaria,2010,46.23
Bulgaria,2011,47.97999305
Bulgaria,2012,51.89998767
Bulgaria,2013,53.0615
Bulgaria,2014,55.49
Burkina Faso,2004,0.400295285
Burkina Faso,2005,0.469914489
Burkina Faso,2006,0.632707564
Burkina Faso,2007,0.75
Burkina Faso,2008,0.92
Burkina Faso,2009,1.13
Burkina Faso,2010,2.4
Burkina Faso,2011,3.0
Burkina Faso,2012,3.725034916
Burkina Faso,2013,9.1
Burkina Faso,2014,9.4
Burundi,2004,0.349060462
Burundi,2005,0.5421428660000001
Burundi,2006,0.65759259
Burundi,2007,0.7
Burundi,2008,0.81
Burundi,2009,0.9
Burundi,2010,1.0
Burundi,2011,1.11
Burundi,2012,1.219999945
Burundi,2013,1.264218111
Burundi,2014,1.38
Cabo Verde,2004,5.31883207
Cabo Verde,2005,6.074087107
Cabo Verde,2006,6.808911008
Cabo Verde,2007,8.28321982
Cabo Verde,2008,14.0
Cabo Verde,2009,21.0
Cabo Verde,2010,30.0
Cabo Verde,2011,32.0
Cabo Verde,2012,34.74
Cabo Verde,2013,37.5
Cabo Verde,2014,40.26
Cameroon,2004,0.976075415
Cameroon,2005,1.402654226
Cameroon,2006,2.028744791
Cameroon,2007,2.93
Cameroon,2008,3.4
Cameroon,2009,3.84
Cameroon,2010,4.3
Cameroon,2011,5.0
Cameroon,2012,7.5
Cameroon,2013,10.0
Cameroon,2014,16.21487223
Chad,2004,0.3609201070000001
Chad,2005,0.3992577000000001
Chad,2006,0.581045764
Chad,2007,0.8472245209999999
Chad,2008,1.19
Chad,2009,1.5
Chad,2010,1.7
Chad,2011,1.9
Chad,2012,2.1
Chad,2013,2.5
Chad,2014,2.9
Chile,2004,28.17791012
Chile,2005,31.17534703
Chile,2006,34.49775117
Chile,2007,35.9
Chile,2008,37.3
Chile,2009,41.56
Chile,2010,45.0
Chile,2011,52.24960729
Chile,2012,55.05
Chile,2013,58.0
Chile,2014,61.11
Comoros,2004,1.327327178
Comoros,2005,2.0
Comoros,2006,2.2
Comoros,2007,2.5
Comoros,2008,3.0
Comoros,2009,3.5
Comoros,2010,5.1
Comoros,2011,5.5
Comoros,2012,5.975296308
Comoros,2013,6.5
Comoros,2014,6.98
"Congo, Dem. Rep.",2004,0.196208375
"Congo, Dem. Rep.",2005,0.238037799
"Congo, Dem. Rep.",2006,0.29605361
"Congo, Dem. Rep.",2007,0.37
"Congo, Dem. Rep.",2008,0.44
"Congo, Dem. Rep.",2009,0.56
"Congo, Dem. Rep.",2010,0.72
"Congo, Dem. Rep.",2011,1.2
"Congo, Dem. Rep.",2012,1.679961015
"Congo, Dem. Rep.",2013,2.2
"Congo, Dem. Rep.",2014,3.0
"Congo, Rep.",2004,1.07750493
"Congo, Rep.",2005,1.46342006
"Congo, Rep.",2006,2.0079900790000003
"Congo, Rep.",2007,2.759704374
"Congo, Rep.",2008,4.287509903
"Congo, Rep.",2009,4.5
"Congo, Rep.",2010,5.0
"Congo, Rep.",2011,5.6
"Congo, Rep.",2012,6.106695024
"Congo, Rep.",2013,6.6
"Congo, Rep.",2014,7.11
Costa Rica,2004,20.79230671
Costa Rica,2005,22.07
Costa Rica,2006,25.1
Costa Rica,2007,28.4
Costa Rica,2008,32.29
Costa Rica,2009,34.33
Costa Rica,2010,36.5
Costa Rica,2011,39.212196
Costa Rica,2012,47.5
Costa Rica,2013,45.96
Costa Rica,2014,53.0
Cote d'Ivoire,2004,0.849282415
Cote d'Ivoire,2005,1.039238205
Cote d'Ivoire,2006,1.524900791
Cote d'Ivoire,2007,1.8
Cote d'Ivoire,2008,1.9
Cote d'Ivoire,2009,2.0
Cote d'Ivoire,2010,2.7
Cote d'Ivoire,2011,2.9
Cote d'Ivoire,2012,5.0
Cote d'Ivoire,2013,12.0
Cote d'Ivoire,2014,19.2742298
Croatia,2004,30.91
Croatia,2005,33.14
Croatia,2006,37.98
Croatia,2007,41.44
Croatia,2008,44.24
Croatia,2009,50.58
Croatia,2010,56.55
Croatia,2011,57.78997899
Croatia,2012,61.93997315
Croatia,2013,66.7476
Croatia,2014,68.57
Denmark,2004,80.93
Denmark,2005,82.74
Denmark,2006,86.65
Denmark,2007,85.03
Denmark,2008,85.02
Denmark,2009,86.84
Denmark,2010,88.72
Denmark,2011,89.81001339
Denmark,2012,92.26001172
Denmark,2013,94.6297
Denmark,2014,95.99
Dominican Republic,2004,8.865553461000001
Dominican Republic,2005,11.48319778
Dominican Republic,2006,14.84492837
Dominican Republic,2007,17.66
Dominican Republic,2008,20.82
Dominican Republic,2009,27.72
Dominican Republic,2010,31.4
Dominican Republic,2011,38.0
Dominican Republic,2012,42.32
Dominican Republic,2013,45.9
Dominican Republic,2014,49.58
East Asia & Pacific,2004,12.59696421
East Asia & Pacific,2005,14.66635904
East Asia & Pacific,2006,16.61782757
East Asia & Pacific,2007,20.76652345
East Asia & Pacific,2008,25.25356621
East Asia & Pacific,2009,29.51319761
East Asia & Pacific,2010,34.23083831
East Asia & Pacific,2011,37.36515597
East Asia & Pacific,2012,40.70934549
East Asia & Pacific,2013,44.57734943
East Asia & Pacific,2014,46.81210321
East Asia & Pacific (excluding high income),2004,6.885265392999999
East Asia & Pacific (excluding high income),2005,8.319143451
East Asia & Pacific (excluding high income),2006,10.1739724
East Asia & Pacific (excluding high income),2007,14.38269418
East Asia & Pacific (excluding high income),2008,19.26013788
East Asia & Pacific (excluding high income),2009,23.76924248
East Asia & Pacific (excluding high income),2010,28.95757162
East Asia & Pacific (excluding high income),2011,32.38576119
East Asia & Pacific (excluding high income),2012,36.06834945
East Asia & Pacific (excluding high income),2013,39.70893331
East Asia & Pacific (excluding high income),2014,42.06223367
Ecuador,2004,4.8344426380000005
Ecuador,2005,5.994255161
Ecuador,2006,7.2
Ecuador,2007,10.8
Ecuador,2008,18.8
Ecuador,2009,24.6
Ecuador,2010,29.03
Ecuador,2011,31.36680836
Ecuador,2012,35.13514645
Ecuador,2013,40.27912194
Ecuador,2014,45.59039067
"Egypt, Arab Rep.",2004,11.92
"Egypt, Arab Rep.",2005,12.75
"Egypt, Arab Rep.",2006,13.66
"Egypt, Arab Rep.",2007,16.03
"Egypt, Arab Rep.",2008,18.01
"Egypt, Arab Rep.",2009,20.0
"Egypt, Arab Rep.",2010,21.6
"Egypt, Arab Rep.",2011,25.6
"Egypt, Arab Rep.",2012,26.4
"Egypt, Arab Rep.",2013,29.4
"Egypt, Arab Rep.",2014,33.89460391
Equatorial Guinea,2004,0.843930285
Equatorial Guinea,2005,1.149789671
Equatorial Guinea,2006,1.279193596
Equatorial Guinea,2007,1.557123059
Equatorial Guinea,2008,1.82
Equatorial Guinea,2009,2.13
Equatorial Guinea,2010,6.0
Equatorial Guinea,2011,11.5
Equatorial Guinea,2012,13.94318219
Equatorial Guinea,2013,16.4
Equatorial Guinea,2014,18.86
Estonia,2004,53.2
Estonia,2005,61.45
Estonia,2006,63.51
Estonia,2007,66.19
Estonia,2008,70.58
Estonia,2009,72.5
Estonia,2010,74.1
Estonia,2011,76.5
Estonia,2012,78.38992593
Estonia,2013,80.0043
Estonia,2014,84.24152803
Euro area,2004,47.48458595
Euro area,2005,51.26050914
Euro area,2006,54.93650079
Euro area,2007,61.38304967
Euro area,2008,64.84360952
Euro area,2009,67.12982995
Euro area,2010,71.03672239
Euro area,2011,72.00116351
Euro area,2012,74.09213619
Euro area,2013,75.82156009999999
Euro area,2014,77.00232229
Europe & Central Asia,2004,32.35908587
Europe & Central Asia,2005,35.22693223
Europe & Central Asia,2006,38.0834867
Europe & Central Asia,2007,43.6743815
Europe & Central Asia,2008,47.35904473
Europe & Central Asia,2009,50.56603842
Europe & Central Asia,2010,56.11911733
Europe & Central Asia,2011,58.83463039
Europe & Central Asia,2012,63.48625344
Europe & Central Asia,2013,66.30666862
Europe & Central Asia,2014,68.94435122
Europe & Central Asia (excluding high income),2004,10.97617698
Europe & Central Asia (excluding high income),2005,12.71155732
Europe & Central Asia (excluding high income),2006,15.27049928
Europe & Central Asia (excluding high income),2007,20.62189979
Europe & Central Asia (excluding high income),2008,24.12924842
Europe & Central Asia (excluding high income),2009,27.73955451
Europe & Central Asia (excluding high income),2010,35.88448070000001
Europe & Central Asia (excluding high income),2011,40.78720278
Europe & Central Asia (excluding high income),2012,48.70394172
Europe & Central Asia (excluding high income),2013,52.87030902
Europe & Central Asia (excluding high income),2014,56.90141989
European Union,2004,46.83954355
European Union,2005,50.9828551
European Union,2006,54.55750152
European Union,2007,60.30685328
European Union,2008,64.20183012
European Union,2009,67.22443226
European Union,2010,70.64052739
European Union,2011,71.51902351
European Union,2012,73.70615192
European Union,2013,75.54283683
European Union,2014,77.11399141
Fiji,2004,7.412943485
Fiji,2005,8.453636634
Fiji,2006,9.6000384
Fiji,2007,10.89783105
Fiji,2008,13.0
Fiji,2009,17.0
Fiji,2010,20.0
Fiji,2011,28.0
Fiji,2012,33.74235675
Fiji,2013,35.2
Fiji,2014,37.4
Finland,2004,72.39
Finland,2005,74.48
Finland,2006,79.66
Finland,2007,80.78
Finland,2008,83.67
Finland,2009,82.49
Finland,2010,86.89
Finland,2011,88.70999491
Finland,2012,89.87999797
Finland,2013,91.5144
Finland,2014,86.53039275
France,2004,39.15
France,2005,42.87
France,2006,46.87
France,2007,66.09
France,2008,70.68
France,2009,71.58
France,2010,77.28
France,2011,77.81999899
France,2012,81.44
France,2013,81.9198
France,2014,83.75
"Gambia, The",2004,3.3080034780000003
"Gambia, The",2005,3.799001139
"Gambia, The",2006,5.2376911580000005
"Gambia, The",2007,6.205037419
"Gambia, The",2008,6.88
"Gambia, The",2009,7.63
"Gambia, The",2010,9.2
"Gambia, The",2011,10.8703
"Gambia, The",2012,12.44922872
"Gambia, The",2013,14.0
"Gambia, The",2014,15.56
Germany,2004,64.73
Germany,2005,68.71
Germany,2006,72.16
Germany,2007,75.16
Germany,2008,78.0
Germany,2009,79.0
Germany,2010,82.0
Germany,2011,81.26999954
Germany,2012,82.34999847
Germany,2013,84.17
Germany,2014,86.19
Ghana,2004,1.716797704
Ghana,2005,1.831197461
Ghana,2006,2.723175973
Ghana,2007,3.85
Ghana,2008,4.27
Ghana,2009,5.44
Ghana,2010,7.8
Ghana,2011,9.0
Ghana,2012,10.6
Ghana,2013,15.0
Ghana,2014,25.51773743
Greece,2004,21.42
Greece,2005,24.0
Greece,2006,32.25
Greece,2007,35.88
Greece,2008,38.2
Greece,2009,42.4
Greece,2010,44.4
Greece,2011,51.64999517
Greece,2012,55.06999344
Greece,2013,59.8663
Greece,2014,63.21
Guatemala,2004,5.1
Guatemala,2005,5.7
Guatemala,2006,6.5
Guatemala,2007,7.3
Guatemala,2008,8.3
Guatemala,2009,9.3
Guatemala,2010,10.5
Guatemala,2011,12.3
Guatemala,2012,16.0
Guatemala,2013,19.7
Guatemala,2014,23.4
Guinea,2004,0.5088193320000001
Guinea,2005,0.542254181
Guinea,2006,0.637492123
Guinea,2007,0.7800252790000001
Guinea,2008,0.92
Guinea,2009,0.94
Guinea,2010,1.0
Guinea,2011,2.0
Guinea,2012,3.1
Guinea,2013,4.5
Guinea,2014,6.4
Guinea-Bissau,2004,1.808142203
Guinea-Bissau,2005,1.901365316
Guinea-Bissau,2006,2.057196705
Guinea-Bissau,2007,2.206302237
Guinea-Bissau,2008,2.354888711
Guinea-Bissau,2009,2.303280592
Guinea-Bissau,2010,2.45
Guinea-Bissau,2011,2.672
Guinea-Bissau,2012,2.8939906210000004
Guinea-Bissau,2013,3.1
Guinea-Bissau,2014,3.32
Heavily indebted poor countries (HIPC),2004,0.914567047
Heavily indebted poor countries (HIPC),2005,1.213447385
Heavily indebted poor countries (HIPC),2006,1.557895614
Heavily indebted poor countries (HIPC),2007,2.42662065
Heavily indebted poor countries (HIPC),2008,2.527283286
Heavily indebted poor countries (HIPC),2009,3.153333335
Heavily indebted poor countries (HIPC),2010,4.929978865
Heavily indebted poor countries (HIPC),2011,5.408633106
Heavily indebted poor countries (HIPC),2012,6.6848176210000005
Heavily indebted poor countries (HIPC),2013,8.144383999
Heavily indebted poor countries (HIPC),2014,10.45985432
High income,2004,55.08836368
High income,2005,58.78201409
High income,2006,61.47318205
High income,2007,66.89039551
High income,2008,68.98045920000001
High income,2009,70.19016321
High income,2010,72.28041398
High income,2011,72.81945686
High income,2012,75.52501024
High income,2013,76.84275735
High income,2014,78.47228334
Honduras,2004,5.6
Honduras,2005,6.5
Honduras,2006,7.8
Honduras,2007,9.4
Honduras,2008,9.6
Honduras,2009,9.8
Honduras,2010,11.09
Honduras,2011,15.9
Honduras,2012,18.12
Honduras,2013,17.8
Honduras,2014,19.08
Hungary,2004,27.74
Hungary,2005,38.97
Hungary,2006,47.06
Hungary,2007,53.3
Hungary,2008,61.0
Hungary,2009,62.0
Hungary,2010,65.0
Hungary,2011,68.01998789
Hungary,2012,70.57999815
Hungary,2013,72.6439
Hungary,2014,75.65319745
Iceland,2004,83.88
Iceland,2005,87.0
Iceland,2006,89.51
Iceland,2007,90.6
Iceland,2008,91.0
Iceland,2009,93.0
Iceland,2010,93.39
Iceland,2011,94.8196868
Iceland,2012,96.20979955
Iceland,2013,96.5468
Iceland,2014,98.16
India,2004,1.976136492
India,2005,2.388075
India,2006,2.805499865
India,2007,3.95
India,2008,4.38
India,2009,5.12
India,2010,7.5
India,2011,10.07
India,2012,12.58006091
India,2013,15.1
India,2014,21.0
Indonesia,2004,2.600285876
Indonesia,2005,3.602024763
Indonesia,2006,4.764813134
Indonesia,2007,5.786274729
Indonesia,2008,7.917479385
Indonesia,2009,6.92
Indonesia,2010,10.92
Indonesia,2011,12.28
Indonesia,2012,14.52
Indonesia,2013,14.94
Indonesia,2014,17.14
"Iran, Islamic Rep.",2004,7.49
"Iran, Islamic Rep.",2005,8.1
"Iran, Islamic Rep.",2006,8.76
"Iran, Islamic Rep.",2007,9.47
"Iran, Islamic Rep.",2008,12.02
"Iran, Islamic Rep.",2009,13.8
"Iran, Islamic Rep.",2010,15.9
"Iran, Islamic Rep.",2011,19.0
"Iran, Islamic Rep.",2012,22.73
"Iran, Islamic Rep.",2013,29.95
"Iran, Islamic Rep.",2014,39.35
Ireland,2004,36.99
Ireland,2005,41.61
Ireland,2006,54.82
Ireland,2007,61.15832455
Ireland,2008,65.34
Ireland,2009,67.38
Ireland,2010,69.85
Ireland,2011,74.88997297
Ireland,2012,76.91999254
Ireland,2013,78.2477
Ireland,2014,79.69
Israel,2004,22.77048553
Israel,2005,25.19404242
Israel,2006,27.88107446
Israel,2007,48.12806219
Israel,2008,59.39
Israel,2009,63.12
Israel,2010,67.5
Israel,2011,68.87387799
Israel,2012,70.8
Israel,2013,70.25031195
Israel,2014,75.01775316
Italy,2004,33.24
Italy,2005,35.0
Italy,2006,37.99
Italy,2007,40.79
Italy,2008,44.53
Italy,2009,48.83
Italy,2010,53.68
Italy,2011,54.3899983
Italy,2012,55.82999799
Italy,2013,58.4593
Italy,2014,55.63846022
Jamaica,2004,10.0
Jamaica,2005,12.8
Jamaica,2006,16.4
Jamaica,2007,21.1
Jamaica,2008,23.6
Jamaica,2009,24.3
Jamaica,2010,27.67
Jamaica,2011,37.43861341
Jamaica,2012,33.79
Jamaica,2013,37.1
Jamaica,2014,40.4027351
Japan,2004,62.39392963
Japan,2005,66.92106609999999
Japan,2006,68.68527032
Japan,2007,74.3
Japan,2008,75.4
Japan,2009,78.0
Japan,2010,78.21
Japan,2011,79.05411352
Japan,2012,79.4964
Japan,2013,88.21942891
Japan,2014,89.10683302
Jordan,2004,11.65874137
Jordan,2005,12.93285205
Jordan,2006,13.86710879
Jordan,2007,20.0
Jordan,2008,23.0
Jordan,2009,26.0
Jordan,2010,27.2
Jordan,2011,34.9
Jordan,2012,37.0
Jordan,2013,41.4
Jordan,2014,46.2
Kazakhstan,2004,2.650394657
Kazakhstan,2005,2.961707492
Kazakhstan,2006,3.268369051
Kazakhstan,2007,4.02
Kazakhstan,2008,11.0
Kazakhstan,2009,18.2
Kazakhstan,2010,31.6
Kazakhstan,2011,50.6
Kazakhstan,2012,53.31566912
Kazakhstan,2013,63.0
Kazakhstan,2014,66.0
Kenya,2004,3.023528042
Kenya,2005,3.101897702
Kenya,2006,3.6
Kenya,2007,4.4
Kenya,2008,5.2
Kenya,2009,6.1
Kenya,2010,7.2
Kenya,2011,8.8
Kenya,2012,10.5
Kenya,2013,13.0
Kenya,2014,16.5
"Korea, Rep.",2004,72.7
"Korea, Rep.",2005,73.5
"Korea, Rep.",2006,78.1
"Korea, Rep.",2007,78.8
"Korea, Rep.",2008,81.0
"Korea, Rep.",2009,81.6
"Korea, Rep.",2010,83.7
"Korea, Rep.",2011,83.75912015
"Korea, Rep.",2012,84.07
"Korea, Rep.",2013,84.77
"Korea, Rep.",2014,87.55682649
Kuwait,2004,22.92711204
Kuwait,2005,25.92610837
Kuwait,2006,28.79119795
Kuwait,2007,34.8
Kuwait,2008,42.0
Kuwait,2009,50.8
Kuwait,2010,61.4
Kuwait,2011,65.76907069
Kuwait,2012,70.45
Kuwait,2013,75.46
Kuwait,2014,78.7
Latin America & Caribbean,2004,14.40238707
Latin America & Caribbean,2005,16.62978984
Latin America & Caribbean,2006,20.75263406
Latin America & Caribbean,2007,23.70293508
Latin America & Caribbean,2008,26.50047906
Latin America & Caribbean,2009,31.03430413
Latin America & Caribbean,2010,34.70962205
Latin America & Caribbean,2011,39.34647041
Latin America & Caribbean,2012,43.18401808
Latin America & Caribbean,2013,46.26188277
Latin America & Caribbean,2014,48.76919872
Latin America & Caribbean (excluding high income),2004,13.84810843
Latin America & Caribbean (excluding high income),2005,16.0539116
Latin America & Caribbean (excluding high income),2006,20.1969995
Latin America & Caribbean (excluding high income),2007,23.1934153
Latin America & Caribbean (excluding high income),2008,25.96640769
Latin America & Caribbean (excluding high income),2009,30.52083211
Latin America & Caribbean (excluding high income),2010,34.19612572
Latin America & Caribbean (excluding high income),2011,38.75322048
Latin America & Caribbean (excluding high income),2012,42.51679061
Latin America & Caribbean (excluding high income),2013,45.62016216
Latin America & Caribbean (excluding high income),2014,48.07666979
Latvia,2004,38.58
Latvia,2005,46.0
Latvia,2006,53.63
Latvia,2007,59.17
Latvia,2008,63.41
Latvia,2009,66.84
Latvia,2010,68.42
Latvia,2011,69.74995456
Latvia,2012,73.11994377
Latvia,2013,75.2344
Latvia,2014,75.83
Least developed countries: UN classification,2004,0.5546595999999999
Least developed countries: UN classification,2005,0.783962452
Least developed countries: UN classification,2006,1.11724541
Least developed countries: UN classification,2007,1.922990045
Least developed countries: UN classification,2008,2.1223670340000003
Least developed countries: UN classification,2009,2.7053716260000003
Least developed countries: UN classification,2010,4.271479294
Least developed countries: UN classification,2011,4.799939353
Least developed countries: UN classification,2012,6.060082411000002
Least developed countries: UN classification,2013,7.538075537999999
Least developed countries: UN classification,2014,10.46735545
Lesotho,2004,2.175524339
Lesotho,2005,2.580245484
Lesotho,2006,2.979708187
Lesotho,2007,3.44543126
Lesotho,2008,3.58
Lesotho,2009,3.72
Lesotho,2010,3.86
Lesotho,2011,7.0
Lesotho,2012,10.0
Lesotho,2013,15.0
Lesotho,2014,22.0
Low & middle income,2004,5.850364639
Low & middle income,2005,6.935330862000001
Low & middle income,2006,8.52514123
Low & middle income,2007,11.09854981
Low & middle income,2008,13.726360199999998
Low & middle income,2009,16.44168205
Low & middle income,2010,20.16898745
Low & middle income,2011,23.02191669
Low & middle income,2012,26.20614616
Low & middle income,2013,29.03944261
Low & middle income,2014,32.42386616
Low income,2004,0.6630634910000001
Low income,2005,0.910523758
Low income,2006,1.135463094
Low income,2007,1.359597756
Low income,2008,1.869947827
Low income,2009,2.366428996
Low income,2010,3.25984344
Low income,2011,3.724865106
Low income,2012,4.709011385
Low income,2013,6.055549384
Low income,2014,7.712589106
Lower middle income,2004,2.919588033
Lower middle income,2005,3.678297926
Lower middle income,2006,4.587786344
Lower middle income,2007,5.832043017
Lower middle income,2008,6.881584929
Lower middle income,2009,7.989348088
Lower middle income,2010,10.95922964
Lower middle income,2011,13.16760068
Lower middle income,2012,15.69527165
Lower middle income,2013,18.30726638
Lower middle income,2014,22.68924498
Madagascar,2004,0.525353655
Madagascar,2005,0.567721802
Madagascar,2006,0.607552239
Madagascar,2007,0.65
Madagascar,2008,1.65
Madagascar,2009,1.63
Madagascar,2010,1.7
Madagascar,2011,1.9
Madagascar,2012,2.3
Madagascar,2013,3.0
Madagascar,2014,3.7
Malawi,2004,0.347505335
Malawi,2005,0.384489334
Malawi,2006,0.42513749
Malawi,2007,0.965864737
Malawi,2008,0.7
Malawi,2009,1.07
Malawi,2010,2.26
Malawi,2011,3.33
Malawi,2012,4.3506
Malawi,2013,5.05
Malawi,2014,5.83
Malaysia,2004,42.25226563
Malaysia,2005,48.62917025
Malaysia,2006,51.63798899
Malaysia,2007,55.7
Malaysia,2008,55.8
Malaysia,2009,55.9
Malaysia,2010,56.3
Malaysia,2011,61.0
Malaysia,2012,65.8
Malaysia,2013,57.05751226
Malaysia,2014,63.66542588
Maldives,2004,6.588254875
Maldives,2005,6.869605067
Maldives,2006,11.03635278
Maldives,2007,16.3
Maldives,2008,23.2
Maldives,2009,24.8
Maldives,2010,26.53
Maldives,2011,34.0
Maldives,2012,38.9301
Maldives,2013,44.1
Maldives,2014,49.28
Mali,2004,0.43281964
Mali,2005,0.507063136
Mali,2006,0.729627281
Mali,2007,0.81
Mali,2008,1.57
Mali,2009,1.8
Mali,2010,2.0
Mali,2011,2.2
Mali,2012,2.8
Mali,2013,3.5
Mali,2014,7.0
Mauritius,2004,13.68908859
Mauritius,2005,15.17222875
Mauritius,2006,16.7
Mauritius,2007,20.22
Mauritius,2008,21.81
Mauritius,2009,22.51
Mauritius,2010,28.33
Mauritius,2011,34.95
Mauritius,2012,35.42
Mauritius,2013,40.11682514
Mauritius,2014,44.80327537
Mexico,2004,14.1
Mexico,2005,17.21
Mexico,2006,19.52
Mexico,2007,20.81
Mexico,2008,21.71
Mexico,2009,26.34
Mexico,2010,31.05
Mexico,2011,37.17629541
Mexico,2012,39.75
Mexico,2013,43.46
Mexico,2014,44.39
Middle East & North Africa,2004,8.351298094
Middle East & North Africa,2005,9.753068167999999
Middle East & North Africa,2006,11.79240226
Middle East & North Africa,2007,15.04136038
Middle East & North Africa,2008,18.73683788
Middle East & North Africa,2009,21.59770331
Middle East & North Africa,2010,24.8526292
Middle East & North Africa,2011,27.78422129
Middle East & North Africa,2012,31.56337525
Middle East & North Africa,2013,35.24979824
Middle East & North Africa,2014,40.13850778
Middle East & North Africa (excluding high income),2004,7.416945667
Middle East & North Africa (excluding high income),2005,8.539218726
Middle East & North Africa (excluding high income),2006,9.912249748999999
Middle East & North Africa (excluding high income),2007,11.84823861
Middle East & North Africa (excluding high income),2008,14.96713748
Middle East & North Africa (excluding high income),2009,17.67142463
Middle East & North Africa (excluding high income),2010,20.61891636
Middle East & North Africa (excluding high income),2011,22.86862172
Middle East & North Africa (excluding high income),2012,26.13501199
Middle East & North Africa (excluding high income),2013,29.65809784
Middle East & North Africa (excluding high income),2014,34.68657587
Middle income,2004,6.34087366
Middle income,2005,7.508455117
Middle income,2006,9.228078054
Middle income,2007,12.06616399
Middle income,2008,14.93111304
Middle income,2009,17.89274502
Middle income,2010,21.89184648
Middle income,2011,25.05635911
Middle income,2012,28.50888106
Middle income,2013,31.47733407
Middle income,2014,35.08866083
Moldova,2004,10.62939084
Moldova,2005,14.63027046
Moldova,2006,19.62064771
Moldova,2007,20.45
Moldova,2008,23.39
Moldova,2009,27.5
Moldova,2010,32.3
Moldova,2011,38.0
Moldova,2012,43.37
Moldova,2013,45.0
Moldova,2014,46.6
Morocco,2004,11.60793477
Morocco,2005,15.08444452
Morocco,2006,19.77119157
Morocco,2007,21.5
Morocco,2008,33.1
Morocco,2009,41.3
Morocco,2010,52.0
Morocco,2011,46.1074826
Morocco,2012,55.41605319
Morocco,2013,56.0
Morocco,2014,56.8
Mozambique,2004,0.679447835
Mozambique,2005,0.8543571179999999
Mozambique,2006,0.842954488
Mozambique,2007,0.91
Mozambique,2008,1.56
Mozambique,2009,2.68
Mozambique,2010,4.17
Mozambique,2011,4.3
Mozambique,2012,6.0
Mozambique,2013,7.29393733
Mozambique,2014,9.236314896
Namibia,2004,3.804715615
Namibia,2005,4.010046644
Namibia,2006,4.398870647
Namibia,2007,4.835610778
Namibia,2008,5.329003772
Namibia,2009,6.5
Namibia,2010,11.6
Namibia,2011,12.0
Namibia,2012,12.9414
Namibia,2013,13.9
Namibia,2014,14.84
Netherlands,2004,68.52
Netherlands,2005,81.0
Netherlands,2006,83.7
Netherlands,2007,85.82
Netherlands,2008,87.42
Netherlands,2009,89.63
Netherlands,2010,90.72
Netherlands,2011,91.41999576
Netherlands,2012,92.85999236
Netherlands,2013,93.9564
Netherlands,2014,91.666666
New Zealand,2004,61.84762781
New Zealand,2005,62.72021237
New Zealand,2006,69.0
New Zealand,2007,69.76
New Zealand,2008,72.03
New Zealand,2009,79.7
New Zealand,2010,80.46
New Zealand,2011,81.23
New Zealand,2012,81.64447018
New Zealand,2013,82.78
New Zealand,2014,85.5
Nicaragua,2004,2.320664609
Nicaragua,2005,2.566351177
Nicaragua,2006,2.805573063
Nicaragua,2007,3.9
Nicaragua,2008,5.3
Nicaragua,2009,7.3
Nicaragua,2010,10.0
Nicaragua,2011,10.6
Nicaragua,2012,13.5
Nicaragua,2013,15.5
Nicaragua,2014,17.6
Niger,2004,0.189933734
Niger,2005,0.221341351
Niger,2006,0.294033977
Niger,2007,0.39039062
Niger,2008,0.7
Niger,2009,0.76
Niger,2010,0.83
Niger,2011,1.3
Niger,2012,1.4077
Niger,2013,1.7
Niger,2014,1.95
Nigeria,2004,1.2861376409999998
Nigeria,2005,3.549155718
Nigeria,2006,5.545036082999999
Nigeria,2007,6.77
Nigeria,2008,8.0
Nigeria,2009,9.3
Nigeria,2010,11.5
Nigeria,2011,13.8
Nigeria,2012,16.1
Nigeria,2013,19.1
Nigeria,2014,21.0
North America,2004,64.87424722
North America,2005,68.32787479
North America,2006,69.27045383
North America,2007,74.82360509
North America,2008,74.26650299
North America,2009,71.91664651
North America,2010,72.54048364
North America,2011,71.04254959
North America,2012,75.5235834
North America,2013,72.83028818
North America,2014,74.40481529
Norway,2004,77.69
Norway,2005,81.99
Norway,2006,82.55
Norway,2007,86.93
Norway,2008,90.57
Norway,2009,92.08
Norway,2010,93.39
Norway,2011,93.48998265
Norway,2012,94.64997805
Norway,2013,95.0534
Norway,2014,96.3
OECD members,2004,50.52910154
OECD members,2005,54.14682857
OECD members,2006,56.60755682
OECD members,2007,61.87614113
OECD members,2008,63.91264904
OECD members,2009,65.32168712
OECD members,2010,67.62063433
OECD members,2011,68.5340433
OECD members,2012,70.94951349
OECD members,2013,72.25506662
OECD members,2014,73.85124287
Oman,2004,6.75885217
Oman,2005,6.68358142
Oman,2006,8.299716672999999
Oman,2007,16.68
Oman,2008,20.0
Oman,2009,26.8
Oman,2010,35.8278
Oman,2011,48.0
Oman,2012,60.0
Oman,2013,66.45
Oman,2014,70.22
Pakistan,2004,6.164320985
Pakistan,2005,6.332329098
Pakistan,2006,6.5
Pakistan,2007,6.8
Pakistan,2008,7.0
Pakistan,2009,7.5
Pakistan,2010,8.0
Pakistan,2011,9.0
Pakistan,2012,9.96
Pakistan,2013,10.9
Pakistan,2014,12.0
Papua New Guinea,2004,1.5079127719999998
Papua New Guinea,2005,1.716190476
Papua New Guinea,2006,1.754487261
Papua New Guinea,2007,1.790559361
Papua New Guinea,2008,1.15
Papua New Guinea,2009,1.61
Papua New Guinea,2010,1.28
Papua New Guinea,2011,2.0
Papua New Guinea,2012,3.5
Papua New Guinea,2013,5.1
Papua New Guinea,2014,6.5
Paraguay,2004,3.452438431
Paraguay,2005,7.907007861
Paraguay,2006,7.962073884
Paraguay,2007,11.21
Paraguay,2008,14.27
Paraguay,2009,18.9
Paraguay,2010,19.8
Paraguay,2011,24.76351588
Paraguay,2012,29.34
Paraguay,2013,36.9
Paraguay,2014,43.0
Peru,2004,14.1
Peru,2005,17.1
Peru,2006,20.7
Peru,2007,25.2
Peru,2008,30.57
Peru,2009,31.4
Peru,2010,34.77
Peru,2011,36.01
Peru,2012,38.2
Peru,2013,39.2
Peru,2014,40.2
Philippines,2004,5.243628452
Philippines,2005,5.397636329
Philippines,2006,5.740586325
Philippines,2007,5.97
Philippines,2008,6.22
Philippines,2009,9.0
Philippines,2010,25.0
Philippines,2011,29.0
Philippines,2012,36.2351
Philippines,2013,48.09902359
Philippines,2014,49.6
Poland,2004,32.53
Poland,2005,38.81
Poland,2006,44.58
Poland,2007,48.6
Poland,2008,53.13
Poland,2009,58.97
Poland,2010,62.32
Poland,2011,61.94999897
Poland,2012,62.30999727
Poland,2013,62.8492
Poland,2014,66.6
Portugal,2004,31.78
Portugal,2005,34.99
Portugal,2006,38.01
Portugal,2007,42.09
Portugal,2008,44.13
Portugal,2009,48.27
Portugal,2010,53.3
Portugal,2011,55.24999688
Portugal,2012,60.33999749
Portugal,2013,62.0956
Portugal,2014,64.59
Russian Federation,2004,12.8593889
Russian Federation,2005,15.2266732
Russian Federation,2006,18.02327746
Russian Federation,2007,24.66
Russian Federation,2008,26.83
Russian Federation,2009,29.0
Russian Federation,2010,43.0
Russian Federation,2011,49.0
Russian Federation,2012,63.8
Russian Federation,2013,67.97
Russian Federation,2014,70.52
Rwanda,2004,0.430854243
Rwanda,2005,0.556041165
Rwanda,2006,22.25778137
Rwanda,2007,2.115387178
Rwanda,2008,4.5
Rwanda,2009,7.7
Rwanda,2010,8.0
Rwanda,2011,7.0
Rwanda,2012,8.023854277
Rwanda,2013,9.0
Rwanda,2014,10.6
Saudi Arabia,2004,10.234533
Saudi Arabia,2005,12.70503599
Saudi Arabia,2006,19.45955435
Saudi Arabia,2007,30.0
Saudi Arabia,2008,36.0
Saudi Arabia,2009,38.0
Saudi Arabia,2010,41.0
Saudi Arabia,2011,47.5
Saudi Arabia,2012,54.0
Saudi Arabia,2013,60.5
Saudi Arabia,2014,64.71365737
Senegal,2004,4.38602398
Senegal,2005,4.786684083
Senegal,2006,5.6117386520000005
Senegal,2007,6.89
Senegal,2008,7.12
Senegal,2009,7.5
Senegal,2010,8.0
Senegal,2011,9.8
Senegal,2012,10.8
Senegal,2013,13.1
Senegal,2014,17.7
Singapore,2004,62.0
Singapore,2005,61.0
Singapore,2006,59.0
Singapore,2007,69.9
Singapore,2008,69.0
Singapore,2009,69.0
Singapore,2010,71.0
Singapore,2011,71.0
Singapore,2012,72.0
Singapore,2013,80.90205685
Singapore,2014,79.02923586
Slovenia,2004,40.81
Slovenia,2005,46.81
Slovenia,2006,54.01
Slovenia,2007,56.74
Slovenia,2008,58.0
Slovenia,2009,64.0
Slovenia,2010,70.0
Slovenia,2011,67.33999481
Slovenia,2012,68.34997453
Slovenia,2013,72.6756
Slovenia,2014,71.59
Solomon Islands,2004,0.649672673
Solomon Islands,2005,0.8443075729999999
Solomon Islands,2006,1.646347989
Solomon Islands,2007,2.0
Solomon Islands,2008,3.0
Solomon Islands,2009,4.0
Solomon Islands,2010,5.0
Solomon Islands,2011,6.0
Solomon Islands,2012,6.9974
Solomon Islands,2013,8.0
Solomon Islands,2014,9.0
South Africa,2004,8.425118682999999
South Africa,2005,7.48854253
South Africa,2006,7.607139675
South Africa,2007,8.065375174
South Africa,2008,8.43
South Africa,2009,10.0
South Africa,2010,24.0
South Africa,2011,33.97
South Africa,2012,41.0
South Africa,2013,46.5
South Africa,2014,49.0
South Asia,2004,2.184376036
South Asia,2005,2.546688328
South Asia,2006,2.9833483060000003
South Asia,2007,3.973400118
South Asia,2008,4.416823408
South Asia,2009,5.157112647
South Asia,2010,7.206545642000001
South Asia,2011,9.393092787
South Asia,2012,11.5120098
South Asia,2013,13.74662379
South Asia,2014,19.07094498
Spain,2004,44.01
Spain,2005,47.88
Spain,2006,50.37
Spain,2007,55.11
Spain,2008,59.6
Spain,2009,62.4
Spain,2010,65.8
Spain,2011,67.08999939
Spain,2012,69.80999994
Spain,2013,71.635
Spain,2014,76.19
Sri Lanka,2004,1.44615998
Sri Lanka,2005,1.792046794
Sri Lanka,2006,2.537566129
Sri Lanka,2007,3.88
Sri Lanka,2008,5.8
Sri Lanka,2009,8.78
Sri Lanka,2010,12.0
Sri Lanka,2011,15.0
Sri Lanka,2012,18.2854
Sri Lanka,2013,21.9
Sri Lanka,2014,25.8
Sub-Saharan Africa,2004,1.5060415969999998
Sub-Saharan Africa,2005,2.044469415
Sub-Saharan Africa,2006,2.724794194
Sub-Saharan Africa,2007,3.502090818
Sub-Saharan Africa,2008,3.91717389
Sub-Saharan Africa,2009,4.647590094
Sub-Saharan Africa,2010,7.1549898989999985
Sub-Saharan Africa,2011,8.489822936
Sub-Saharan Africa,2012,10.36621995
Sub-Saharan Africa,2013,12.41703625
Sub-Saharan Africa,2014,14.76994239
Sub-Saharan Africa (excluding high income),2004,1.503376167
Sub-Saharan Africa (excluding high income),2005,2.041749965
Sub-Saharan Africa (excluding high income),2006,2.720841374
Sub-Saharan Africa (excluding high income),2007,3.498191793
Sub-Saharan Africa (excluding high income),2008,3.912949364
Sub-Saharan Africa (excluding high income),2009,4.647590094
Sub-Saharan Africa (excluding high income),2010,7.151372932999999
Sub-Saharan Africa (excluding high income),2011,8.486197558999999
Sub-Saharan Africa (excluding high income),2012,10.36245919
Sub-Saharan Africa (excluding high income),2013,12.41327101
Sub-Saharan Africa (excluding high income),2014,14.76640037
Sudan,2004,0.791561615
Sudan,2005,1.292040678
Sudan,2006,22.25778137
Sudan,2007,8.66
Sudan,2008,27.48731915
Sudan,2009,30.10538232
Sudan,2010,16.7
Sudan,2011,17.46
Sudan,2012,21.0
Sudan,2013,22.7
Sudan,2014,24.64
Suriname,2004,6.076047814
Suriname,2005,6.403086288
Suriname,2006,9.499626942
Suriname,2007,14.11
Suriname,2008,21.06
Suriname,2009,31.36
Suriname,2010,31.59
Suriname,2011,32.0
Suriname,2012,34.6812
Suriname,2013,37.4
Suriname,2014,40.08
Swaziland,2004,3.2286850730000003
Swaziland,2005,3.696961073
Swaziland,2006,3.696538789
Swaziland,2007,4.1
Swaziland,2008,6.85
Swaziland,2009,8.94
Swaziland,2010,11.04
Swaziland,2011,18.13
Swaziland,2012,20.78178258
Swaziland,2013,24.7
Swaziland,2014,26.17500573
Sweden,2004,83.89
Sweden,2005,84.83
Sweden,2006,87.76
Sweden,2007,82.01
Sweden,2008,90.0
Sweden,2009,91.0
Sweden,2010,90.0
Sweden,2011,92.76998606
Sweden,2012,93.17998801
Sweden,2013,94.7836
Sweden,2014,92.52
Switzerland,2004,67.8
Switzerland,2005,70.1
Switzerland,2006,75.7
Switzerland,2007,77.2
Switzerland,2008,79.2
Switzerland,2009,81.3
Switzerland,2010,83.9
Switzerland,2011,85.19302818
Switzerland,2012,85.2
Switzerland,2013,86.34
Switzerland,2014,87.4
Tanzania,2004,0.8775749709999999
Tanzania,2005,1.1
Tanzania,2006,1.3
Tanzania,2007,1.6
Tanzania,2008,1.9
Tanzania,2009,2.4
Tanzania,2010,2.9
Tanzania,2011,3.2
Tanzania,2012,3.95
Tanzania,2013,4.4
Tanzania,2014,7.0
Thailand,2004,10.67730332
Thailand,2005,15.02600436
Thailand,2006,17.16071472
Thailand,2007,20.03
Thailand,2008,18.2
Thailand,2009,20.1
Thailand,2010,22.4
Thailand,2011,23.66992562
Thailand,2012,26.46
Thailand,2013,28.94
Thailand,2014,34.89
Togo,2004,1.5
Togo,2005,1.8
Togo,2006,2.0
Togo,2007,2.2
Togo,2008,2.4
Togo,2009,2.6
Togo,2010,3.0
Togo,2011,3.5
Togo,2012,4.0
Togo,2013,4.5
Togo,2014,5.7
Trinidad and Tobago,2004,27.02427008
Trinidad and Tobago,2005,28.97671243
Trinidad and Tobago,2006,30.00374858
Trinidad and Tobago,2007,32.3
Trinidad and Tobago,2008,34.8
Trinidad and Tobago,2009,44.3
Trinidad and Tobago,2010,48.5
Trinidad and Tobago,2011,55.2
Trinidad and Tobago,2012,59.5162
Trinidad and Tobago,2013,63.8
Trinidad and Tobago,2014,65.1
Tunisia,2004,8.528817752
Tunisia,2005,9.655086542000001
Tunisia,2006,12.98640865
Tunisia,2007,17.1
Tunisia,2008,27.53
Tunisia,2009,34.07
Tunisia,2010,36.8
Tunisia,2011,39.1
Tunisia,2012,41.4416
Tunisia,2013,43.8
Tunisia,2014,46.16
Turkey,2004,14.58
Turkey,2005,15.46
Turkey,2006,18.24
Turkey,2007,28.63
Turkey,2008,34.37
Turkey,2009,36.4
Turkey,2010,39.82
Turkey,2011,43.06571043
Turkey,2012,45.13
Turkey,2013,46.25
Turkey,2014,51.04
Uganda,2004,0.71997068
Uganda,2005,1.742205503
Uganda,2006,2.529363038
Uganda,2007,3.671965351
Uganda,2008,7.9
Uganda,2009,9.78
Uganda,2010,12.5
Uganda,2011,13.01354333
Uganda,2012,14.1
Uganda,2013,15.5
Uganda,2014,16.9
Ukraine,2004,3.4894778810000004
Ukraine,2005,3.749764415
Ukraine,2006,4.506124563999999
Ukraine,2007,6.55
Ukraine,2008,11.0
Ukraine,2009,17.9
Ukraine,2010,23.3
Ukraine,2011,28.70826284
Ukraine,2012,35.27
Ukraine,2013,40.954129
Ukraine,2014,46.23597546
United Arab Emirates,2004,30.13129617
United Arab Emirates,2005,40.0
United Arab Emirates,2006,52.0
United Arab Emirates,2007,61.0
United Arab Emirates,2008,63.0
United Arab Emirates,2009,64.0
United Arab Emirates,2010,68.0
United Arab Emirates,2011,78.0
United Arab Emirates,2012,84.99999150000002
United Arab Emirates,2013,88.0
United Arab Emirates,2014,90.4
United States,2004,64.75825648
United States,2005,67.96805292
United States,2006,68.93119327
United States,2007,75.0
United States,2008,74.0
United States,2009,71.0
United States,2010,71.69
United States,2011,69.72946076
United States,2012,74.7
United States,2013,71.4
United States,2014,73.0
Upper middle income,2004,9.946611326000001
Upper middle income,2005,11.5671719
Upper middle income,2006,14.08811793
Upper middle income,2007,18.75267674
Upper middle income,2008,23.49378321
Upper middle income,2009,28.50372102
Upper middle income,2010,33.88045575
Upper middle income,2011,38.14851008
Upper middle income,2012,42.75353492
Upper middle income,2013,46.18498262
Upper middle income,2014,49.02025566
Uruguay,2004,17.06309834
Uruguay,2005,20.08818956
Uruguay,2006,29.4
Uruguay,2007,34.0
Uruguay,2008,39.3
Uruguay,2009,41.8
Uruguay,2010,46.4
Uruguay,2011,51.40466106
Uruguay,2012,54.45376868
Uruguay,2013,57.69
Uruguay,2014,61.46
Uzbekistan,2004,2.593725421
Uzbekistan,2005,3.3435098880000003
Uzbekistan,2006,6.388321967
Uzbekistan,2007,7.4906046810000015
Uzbekistan,2008,9.080114522999999
Uzbekistan,2009,11.9
Uzbekistan,2010,15.9
Uzbekistan,2011,18.6
Uzbekistan,2012,23.6
Uzbekistan,2013,26.8
Uzbekistan,2014,35.5
"Venezuela, RB",2004,8.404469592
"Venezuela, RB",2005,12.55299791
"Venezuela, RB",2006,15.22471148
"Venezuela, RB",2007,20.83
"Venezuela, RB",2008,25.88
"Venezuela, RB",2009,32.7
"Venezuela, RB",2010,37.37
"Venezuela, RB",2011,40.22
"Venezuela, RB",2012,49.05008307
"Venezuela, RB",2013,54.9
"Venezuela, RB",2014,57.0
World,2004,14.17277668
World,2005,15.78830954
World,2006,17.58107611
World,2007,20.51262307
World,2008,23.06702536
World,2009,25.48700486
World,2010,28.85404589
World,2011,31.275521
World,2012,34.34096965
World,2013,36.88529875
World,2014,39.93869834
"Yemen, Rep.",2004,0.8812229890000001
"Yemen, Rep.",2005,1.048597934
"Yemen, Rep.",2006,1.247824049
"Yemen, Rep.",2007,5.01
"Yemen, Rep.",2008,6.89
"Yemen, Rep.",2009,9.96
"Yemen, Rep.",2010,12.35
"Yemen, Rep.",2011,14.905
"Yemen, Rep.",2012,17.4465
"Yemen, Rep.",2013,20.0
"Yemen, Rep.",2014,22.55
Zambia,2004,2.013549532
Zambia,2005,2.851752261
Zambia,2006,4.159913394
Zambia,2007,4.87
Zambia,2008,5.55
Zambia,2009,6.31
Zambia,2010,10.0
Zambia,2011,11.5
Zambia,2012,13.4682
Zambia,2013,15.4
Zambia,2014,19.0
Zimbabwe,2004,2.1
Zimbabwe,2005,2.4
Zimbabwe,2006,2.4
Zimbabwe,2007,3.0
Zimbabwe,2008,3.5
Zimbabwe,2009,4.0
Zimbabwe,2010,6.4
Zimbabwe,2011,8.4
Zimbabwe,2012,12.0
Zimbabwe,2013,15.5
Zimbabwe,2014,16.36473996
