Country Name, Year,time required to start a business
Afghanistan,2004,9.0
Afghanistan,2005,9.0
Afghanistan,2006,9.0
Afghanistan,2007,9.0
Afghanistan,2008,9.0
Afghanistan,2009,7.0
Afghanistan,2010,7.0
Afghanistan,2011,7.0
Afghanistan,2012,7.0
Afghanistan,2013,5.0
Afghanistan,2014,7.0
Albania,2004,39.0
Albania,2005,40.0
Albania,2006,38.0
Albania,2007,36.0
Albania,2008,9.0
Albania,2009,6.0
Albania,2010,6.0
Albania,2011,5.5
Albania,2012,4.5
Albania,2013,4.5
Albania,2014,4.5
Angola,2004,83.0
Angola,2005,83.0
Angola,2006,83.0
Angola,2007,83.0
Angola,2008,68.0
Angola,2009,68.0
Angola,2010,66.0
Angola,2011,66.0
Angola,2012,66.0
Angola,2013,66.0
Angola,2014,66.0
Arab World,2004,41.875
Arab World,2005,39.5
Arab World,2006,38.27777778
Arab World,2007,31.7
Arab World,2008,20.2
Arab World,2009,19.65
Arab World,2010,19.675
Arab World,2011,19.125
Arab World,2012,20.73809524
Arab World,2013,19.47619048
Arab World,2014,18.66666667
Argentina,2004,30.0
Argentina,2005,30.0
Argentina,2006,30.0
Argentina,2007,30.0
Argentina,2008,30.5
Argentina,2009,25.5
Argentina,2010,25.0
Argentina,2011,25.0
Argentina,2012,25.0
Argentina,2013,25.0
Argentina,2014,25.0
Armenia,2004,18.0
Armenia,2005,18.0
Armenia,2006,17.0
Armenia,2007,17.0
Armenia,2008,17.0
Armenia,2009,14.0
Armenia,2010,14.0
Armenia,2011,8.0
Armenia,2012,8.0
Armenia,2013,4.0
Armenia,2014,3.0
Australia,2004,3.0
Australia,2005,3.0
Australia,2006,3.0
Australia,2007,3.0
Australia,2008,2.5
Australia,2009,2.5
Australia,2010,2.5
Australia,2011,2.5
Australia,2012,2.5
Australia,2013,2.5
Australia,2014,2.5
Austria,2004,25.0
Austria,2005,25.0
Austria,2006,25.0
Austria,2007,25.0
Austria,2008,25.0
Austria,2009,25.0
Austria,2010,25.0
Austria,2011,25.0
Austria,2012,25.0
Austria,2013,25.0
Austria,2014,22.0
Bangladesh,2004,51.5
Bangladesh,2005,51.5
Bangladesh,2006,43.5
Bangladesh,2007,67.5
Bangladesh,2008,66.5
Bangladesh,2009,43.5
Bangladesh,2010,26.5
Bangladesh,2011,26.5
Bangladesh,2012,26.5
Bangladesh,2013,21.8
Bangladesh,2014,19.5
Belize,2004,47.77269403
Belize,2005,57.0
Belize,2006,44.0
Belize,2007,43.0
Belize,2008,43.0
Belize,2009,43.0
Belize,2010,43.0
Belize,2011,43.0
Belize,2012,43.0
Belize,2013,43.0
Belize,2014,43.0
Benin,2004,34.0
Benin,2005,34.0
Benin,2006,34.0
Benin,2007,34.0
Benin,2008,34.0
Benin,2009,34.0
Benin,2010,34.0
Benin,2011,32.0
Benin,2012,29.0
Benin,2013,18.0
Benin,2014,12.0
Bhutan,2004,62.0
Bhutan,2005,62.0
Bhutan,2006,62.0
Bhutan,2007,48.0
Bhutan,2008,46.0
Bhutan,2009,46.0
Bhutan,2010,46.0
Bhutan,2011,36.0
Bhutan,2012,36.0
Bhutan,2013,32.0
Bhutan,2014,17.0
Bolivia,2004,60.0
Bolivia,2005,50.0
Bolivia,2006,50.0
Bolivia,2007,50.0
Bolivia,2008,50.0
Bolivia,2009,50.0
Bolivia,2010,49.0
Bolivia,2011,49.0
Bolivia,2012,49.0
Bolivia,2013,49.0
Bolivia,2014,49.0
Botswana,2004,125.0
Botswana,2005,125.0
Botswana,2006,105.0
Botswana,2007,105.0
Botswana,2008,74.0
Botswana,2009,59.0
Botswana,2010,59.0
Botswana,2011,59.0
Botswana,2012,59.0
Botswana,2013,60.0
Botswana,2014,60.0
Brazil,2004,156.0
Brazil,2005,156.0
Brazil,2006,151.0
Brazil,2007,152.0
Brazil,2008,147.0
Brazil,2009,122.0
Brazil,2010,122.0
Brazil,2011,122.0
Brazil,2012,122.0
Brazil,2013,86.6
Brazil,2014,83.6
Bulgaria,2004,32.0
Bulgaria,2005,32.0
Bulgaria,2006,32.0
Bulgaria,2007,32.0
Bulgaria,2008,49.0
Bulgaria,2009,18.0
Bulgaria,2010,18.0
Bulgaria,2011,18.0
Bulgaria,2012,18.0
Bulgaria,2013,18.0
Bulgaria,2014,18.0
Burkina Faso,2004,40.0
Burkina Faso,2005,40.0
Burkina Faso,2006,34.0
Burkina Faso,2007,18.0
Burkina Faso,2008,16.0
Burkina Faso,2009,14.0
Burkina Faso,2010,14.0
Burkina Faso,2011,13.0
Burkina Faso,2012,13.0
Burkina Faso,2013,13.0
Burkina Faso,2014,13.0
Burundi,2004,13.0
Burundi,2005,13.0
Burundi,2006,13.0
Burundi,2007,13.0
Burundi,2008,13.0
Burundi,2009,13.0
Burundi,2010,13.0
Burundi,2011,13.0
Burundi,2012,7.0
Burundi,2013,5.0
Burundi,2014,5.0
Cabo Verde,2004,47.77269403
Cabo Verde,2005,60.0
Cabo Verde,2006,52.0
Cabo Verde,2007,52.0
Cabo Verde,2008,52.0
Cabo Verde,2009,24.0
Cabo Verde,2010,11.0
Cabo Verde,2011,11.0
Cabo Verde,2012,11.0
Cabo Verde,2013,10.0
Cabo Verde,2014,10.0
Cameroon,2004,45.0
Cameroon,2005,45.0
Cameroon,2006,45.0
Cameroon,2007,38.0
Cameroon,2008,38.0
Cameroon,2009,35.0
Cameroon,2010,19.0
Cameroon,2011,15.0
Cameroon,2012,15.0
Cameroon,2013,15.0
Cameroon,2014,15.0
Chad,2004,62.0
Chad,2005,62.0
Chad,2006,62.0
Chad,2007,62.0
Chad,2008,62.0
Chad,2009,62.0
Chad,2010,62.0
Chad,2011,53.0
Chad,2012,60.0
Chad,2013,60.0
Chad,2014,60.0
Chile,2004,42.0
Chile,2005,42.0
Chile,2006,40.0
Chile,2007,40.0
Chile,2008,40.0
Chile,2009,40.0
Chile,2010,34.5
Chile,2011,7.5
Chile,2012,5.5
Chile,2013,5.5
Chile,2014,5.5
Comoros,2004,47.77269403
Comoros,2005,30.0
Comoros,2006,30.0
Comoros,2007,30.0
Comoros,2008,22.0
Comoros,2009,22.0
Comoros,2010,22.0
Comoros,2011,22.0
Comoros,2012,20.0
Comoros,2013,15.0
Comoros,2014,15.0
"Congo, Dem. Rep.",2004,133.0
"Congo, Dem. Rep.",2005,133.0
"Congo, Dem. Rep.",2006,133.0
"Congo, Dem. Rep.",2007,132.0
"Congo, Dem. Rep.",2008,132.0
"Congo, Dem. Rep.",2009,126.0
"Congo, Dem. Rep.",2010,84.0
"Congo, Dem. Rep.",2011,65.0
"Congo, Dem. Rep.",2012,58.0
"Congo, Dem. Rep.",2013,31.0
"Congo, Dem. Rep.",2014,16.0
"Congo, Rep.",2004,37.0
"Congo, Rep.",2005,37.0
"Congo, Rep.",2006,37.0
"Congo, Rep.",2007,38.0
"Congo, Rep.",2008,161.0
"Congo, Rep.",2009,161.0
"Congo, Rep.",2010,161.0
"Congo, Rep.",2011,161.0
"Congo, Rep.",2012,161.0
"Congo, Rep.",2013,101.0
"Congo, Rep.",2014,53.0
Costa Rica,2004,77.0
Costa Rica,2005,77.0
Costa Rica,2006,77.0
Costa Rica,2007,77.0
Costa Rica,2008,60.0
Costa Rica,2009,59.5
Costa Rica,2010,59.5
Costa Rica,2011,59.5
Costa Rica,2012,59.5
Costa Rica,2013,24.0
Costa Rica,2014,24.0
Cote d'Ivoire,2004,58.0
Cote d'Ivoire,2005,45.0
Cote d'Ivoire,2006,45.0
Cote d'Ivoire,2007,42.0
Cote d'Ivoire,2008,40.0
Cote d'Ivoire,2009,40.0
Cote d'Ivoire,2010,40.0
Cote d'Ivoire,2011,32.0
Cote d'Ivoire,2012,32.0
Cote d'Ivoire,2013,8.0
Cote d'Ivoire,2014,7.0
Croatia,2004,29.0
Croatia,2005,29.0
Croatia,2006,25.0
Croatia,2007,22.5
Croatia,2008,22.5
Croatia,2009,22.5
Croatia,2010,15.5
Croatia,2011,15.0
Croatia,2012,15.0
Croatia,2013,15.0
Croatia,2014,15.0
Denmark,2004,7.0
Denmark,2005,6.0
Denmark,2006,6.0
Denmark,2007,6.0
Denmark,2008,6.0
Denmark,2009,6.0
Denmark,2010,5.5
Denmark,2011,5.5
Denmark,2012,5.5
Denmark,2013,5.5
Denmark,2014,5.5
Dominican Republic,2004,79.0
Dominican Republic,2005,76.0
Dominican Republic,2006,81.0
Dominican Republic,2007,30.0
Dominican Republic,2008,20.0
Dominican Republic,2009,21.0
Dominican Republic,2010,20.0
Dominican Republic,2011,19.5
Dominican Republic,2012,19.5
Dominican Republic,2013,19.5
Dominican Republic,2014,19.5
East Asia & Pacific,2004,47.03703704
East Asia & Pacific,2005,47.22222222
East Asia & Pacific,2006,46.21428571
East Asia & Pacific,2007,43.85714286
East Asia & Pacific,2008,42.05357143
East Asia & Pacific,2009,39.41071429
East Asia & Pacific,2010,36.375
East Asia & Pacific,2011,32.78571429
East Asia & Pacific,2012,33.0
East Asia & Pacific,2013,34.14137931
East Asia & Pacific,2014,30.26206897
East Asia & Pacific (excluding high income),2004,57.0
East Asia & Pacific (excluding high income),2005,56.55
East Asia & Pacific (excluding high income),2006,52.1
East Asia & Pacific (excluding high income),2007,49.75
East Asia & Pacific (excluding high income),2008,48.2
East Asia & Pacific (excluding high income),2009,45.9
East Asia & Pacific (excluding high income),2010,42.55
East Asia & Pacific (excluding high income),2011,39.05
East Asia & Pacific (excluding high income),2012,39.19047619
East Asia & Pacific (excluding high income),2013,40.78095238
East Asia & Pacific (excluding high income),2014,35.42380952
Ecuador,2004,92.0
Ecuador,2005,69.0
Ecuador,2006,65.0
Ecuador,2007,65.0
Ecuador,2008,65.0
Ecuador,2009,64.0
Ecuador,2010,56.0
Ecuador,2011,55.5
Ecuador,2012,55.5
Ecuador,2013,55.5
Ecuador,2014,55.5
"Egypt, Arab Rep.",2004,38.0
"Egypt, Arab Rep.",2005,22.0
"Egypt, Arab Rep.",2006,19.0
"Egypt, Arab Rep.",2007,10.0
"Egypt, Arab Rep.",2008,8.0
"Egypt, Arab Rep.",2009,8.0
"Egypt, Arab Rep.",2010,8.0
"Egypt, Arab Rep.",2011,8.0
"Egypt, Arab Rep.",2012,8.0
"Egypt, Arab Rep.",2013,8.0
"Egypt, Arab Rep.",2014,8.0
Equatorial Guinea,2004,47.77269403
Equatorial Guinea,2005,177.0
Equatorial Guinea,2006,154.0
Equatorial Guinea,2007,155.0
Equatorial Guinea,2008,155.0
Equatorial Guinea,2009,155.0
Equatorial Guinea,2010,155.0
Equatorial Guinea,2011,133.0
Equatorial Guinea,2012,154.0
Equatorial Guinea,2013,135.0
Equatorial Guinea,2014,135.0
Estonia,2004,72.0
Estonia,2005,35.0
Estonia,2006,35.0
Estonia,2007,6.5
Estonia,2008,6.5
Estonia,2009,6.5
Estonia,2010,6.5
Estonia,2011,6.5
Estonia,2012,6.5
Estonia,2013,6.5
Estonia,2014,4.5
Euro area,2004,40.25
Euro area,2005,28.875
Euro area,2006,25.08823529
Euro area,2007,21.52941176
Euro area,2008,16.66666667
Euro area,2009,15.83333333
Euro area,2010,14.41666667
Euro area,2011,14.05263158
Euro area,2012,13.39473684
Euro area,2013,12.60526316
Euro area,2014,10.60526316
Europe & Central Asia,2004,36.79069767
Europe & Central Asia,2005,31.36363636
Europe & Central Asia,2006,26.43478261
Europe & Central Asia,2007,22.54347826
Europe & Central Asia,2008,18.78723404
Europe & Central Asia,2009,16.75
Europe & Central Asia,2010,15.64583333
Europe & Central Asia,2011,14.21875
Europe & Central Asia,2012,13.87755102
Europe & Central Asia,2013,12.70204082
Europe & Central Asia,2014,11.28979592
Europe & Central Asia (excluding high income),2004,40.875
Europe & Central Asia (excluding high income),2005,39.47058824
Europe & Central Asia (excluding high income),2006,32.22222222
Europe & Central Asia (excluding high income),2007,27.33333333
Europe & Central Asia (excluding high income),2008,23.0
Europe & Central Asia (excluding high income),2009,18.42105263
Europe & Central Asia (excluding high income),2010,17.31578947
Europe & Central Asia (excluding high income),2011,15.47368421
Europe & Central Asia (excluding high income),2012,14.42105263
Europe & Central Asia (excluding high income),2013,12.55263158
Europe & Central Asia (excluding high income),2014,11.55263158
European Union,2004,36.68
European Union,2005,27.68
European Union,2006,23.84615385
European Union,2007,20.23076923
European Union,2008,17.37037037
European Union,2009,15.66666667
European Union,2010,14.48148148
European Union,2011,14.35714286
European Union,2012,13.80357143
European Union,2013,13.16071429
European Union,2014,11.57142857
Fiji,2004,31.0
Fiji,2005,44.0
Fiji,2006,44.0
Fiji,2007,44.0
Fiji,2008,44.0
Fiji,2009,44.0
Fiji,2010,44.0
Fiji,2011,44.0
Fiji,2012,58.0
Fiji,2013,59.0
Fiji,2014,59.0
Finland,2004,14.0
Finland,2005,14.0
Finland,2006,14.0
Finland,2007,14.0
Finland,2008,14.0
Finland,2009,14.0
Finland,2010,14.0
Finland,2011,14.0
Finland,2012,14.0
Finland,2013,14.0
Finland,2014,14.0
France,2004,7.0
France,2005,7.0
France,2006,7.0
France,2007,7.0
France,2008,6.5
France,2009,6.5
France,2010,6.5
France,2011,6.5
France,2012,6.5
France,2013,6.5
France,2014,4.5
"Gambia, The",2004,47.77269403
"Gambia, The",2005,28.0
"Gambia, The",2006,27.0
"Gambia, The",2007,32.0
"Gambia, The",2008,27.0
"Gambia, The",2009,27.0
"Gambia, The",2010,27.0
"Gambia, The",2011,27.0
"Gambia, The",2012,27.0
"Gambia, The",2013,27.0
"Gambia, The",2014,26.0
Germany,2004,45.0
Germany,2005,22.0
Germany,2006,22.0
Germany,2007,18.0
Germany,2008,17.5
Germany,2009,17.5
Germany,2010,14.5
Germany,2011,14.5
Germany,2012,14.5
Germany,2013,14.5
Germany,2014,14.5
Ghana,2004,21.0
Ghana,2005,17.0
Ghana,2006,17.0
Ghana,2007,13.0
Ghana,2008,11.0
Ghana,2009,11.0
Ghana,2010,11.0
Ghana,2011,11.0
Ghana,2012,11.0
Ghana,2013,14.0
Ghana,2014,14.0
Greece,2004,38.0
Greece,2005,38.0
Greece,2006,38.0
Greece,2007,38.0
Greece,2008,19.0
Greece,2009,19.0
Greece,2010,19.0
Greece,2011,11.0
Greece,2012,11.0
Greece,2013,14.0
Greece,2014,13.0
Guatemala,2004,39.0
Guatemala,2005,39.0
Guatemala,2006,27.0
Guatemala,2007,34.0
Guatemala,2008,34.0
Guatemala,2009,37.0
Guatemala,2010,37.0
Guatemala,2011,37.0
Guatemala,2012,40.0
Guatemala,2013,19.5
Guatemala,2014,18.5
Guinea,2004,40.0
Guinea,2005,40.0
Guinea,2006,40.0
Guinea,2007,40.0
Guinea,2008,40.0
Guinea,2009,40.0
Guinea,2010,40.0
Guinea,2011,40.0
Guinea,2012,35.0
Guinea,2013,16.0
Guinea,2014,8.0
Guinea-Bissau,2004,47.77269403
Guinea-Bissau,2005,259.0
Guinea-Bissau,2006,260.0
Guinea-Bissau,2007,259.0
Guinea-Bissau,2008,259.0
Guinea-Bissau,2009,216.0
Guinea-Bissau,2010,216.0
Guinea-Bissau,2011,9.0
Guinea-Bissau,2012,9.0
Guinea-Bissau,2013,9.0
Guinea-Bissau,2014,9.0
Heavily indebted poor countries (HIPC),2004,55.23529412
Heavily indebted poor countries (HIPC),2005,58.51351351
Heavily indebted poor countries (HIPC),2006,55.81578947
Heavily indebted poor countries (HIPC),2007,50.05263158
Heavily indebted poor countries (HIPC),2008,49.42105263
Heavily indebted poor countries (HIPC),2009,46.89473684
Heavily indebted poor countries (HIPC),2010,42.5
Heavily indebted poor countries (HIPC),2011,31.98684211
Heavily indebted poor countries (HIPC),2012,30.23684211
Heavily indebted poor countries (HIPC),2013,24.63157895
Heavily indebted poor countries (HIPC),2014,21.32894737
High income,2004,32.95652174
High income,2005,32.11764706
High income,2006,30.01886792
High income,2007,26.79464286
High income,2008,24.20175439
High income,2009,23.65789474
High income,2010,22.57894737
High income,2011,19.71186441
High income,2012,19.925
High income,2013,19.04666667
High income,2014,17.7
Honduras,2004,61.0
Honduras,2005,69.0
Honduras,2006,57.0
Honduras,2007,20.0
Honduras,2008,20.0
Honduras,2009,14.0
Honduras,2010,14.0
Honduras,2011,14.0
Honduras,2012,14.0
Honduras,2013,14.0
Honduras,2014,14.0
Hungary,2004,52.0
Hungary,2005,38.0
Hungary,2006,38.0
Hungary,2007,16.0
Hungary,2008,5.0
Hungary,2009,4.0
Hungary,2010,4.0
Hungary,2011,4.0
Hungary,2012,5.0
Hungary,2013,5.0
Hungary,2014,5.0
Iceland,2004,5.0
Iceland,2005,5.0
Iceland,2006,5.0
Iceland,2007,5.0
Iceland,2008,5.0
Iceland,2009,5.0
Iceland,2010,5.0
Iceland,2011,4.5
Iceland,2012,4.5
Iceland,2013,4.5
Iceland,2014,4.0
India,2004,81.0
India,2005,70.0
India,2006,34.0
India,2007,32.0
India,2008,29.0
India,2009,29.0
India,2010,27.0
India,2011,27.0
India,2012,25.0
India,2013,26.1
India,2014,28.4
Indonesia,2004,151.0
Indonesia,2005,151.0
Indonesia,2006,97.0
Indonesia,2007,105.0
Indonesia,2008,77.0
Indonesia,2009,62.0
Indonesia,2010,49.0
Indonesia,2011,48.0
Indonesia,2012,48.0
Indonesia,2013,75.5
Indonesia,2014,52.5
"Iran, Islamic Rep.",2004,28.0
"Iran, Islamic Rep.",2005,27.0
"Iran, Islamic Rep.",2006,27.0
"Iran, Islamic Rep.",2007,27.0
"Iran, Islamic Rep.",2008,27.0
"Iran, Islamic Rep.",2009,8.0
"Iran, Islamic Rep.",2010,10.0
"Iran, Islamic Rep.",2011,10.0
"Iran, Islamic Rep.",2012,15.0
"Iran, Islamic Rep.",2013,15.0
"Iran, Islamic Rep.",2014,12.0
Ireland,2004,18.0
Ireland,2005,18.0
Ireland,2006,13.0
Ireland,2007,13.0
Ireland,2008,13.0
Ireland,2009,13.0
Ireland,2010,13.0
Ireland,2011,13.0
Ireland,2012,10.0
Ireland,2013,10.0
Ireland,2014,6.0
Israel,2004,19.0
Israel,2005,19.0
Israel,2006,19.0
Israel,2007,19.0
Israel,2008,19.0
Israel,2009,19.0
Israel,2010,19.0
Israel,2011,19.0
Israel,2012,20.0
Israel,2013,13.0
Israel,2014,13.0
Italy,2004,13.0
Italy,2005,13.0
Italy,2006,13.0
Italy,2007,13.0
Italy,2008,10.0
Italy,2009,10.0
Italy,2010,6.0
Italy,2011,6.0
Italy,2012,6.0
Italy,2013,6.0
Italy,2014,5.0
Jamaica,2004,31.0
Jamaica,2005,8.0
Jamaica,2006,8.0
Jamaica,2007,8.0
Jamaica,2008,8.0
Jamaica,2009,8.0
Jamaica,2010,8.0
Jamaica,2011,7.0
Jamaica,2012,7.0
Jamaica,2013,6.0
Jamaica,2014,15.0
Japan,2004,31.0
Japan,2005,30.0
Japan,2006,22.0
Japan,2007,22.0
Japan,2008,22.0
Japan,2009,22.0
Japan,2010,22.0
Japan,2011,11.0
Japan,2012,11.0
Japan,2013,10.7
Japan,2014,10.7
Jordan,2004,26.0
Jordan,2005,16.0
Jordan,2006,16.0
Jordan,2007,13.0
Jordan,2008,13.0
Jordan,2009,12.0
Jordan,2010,12.0
Jordan,2011,12.0
Jordan,2012,12.0
Jordan,2013,12.0
Jordan,2014,12.0
Kazakhstan,2004,26.0
Kazakhstan,2005,25.0
Kazakhstan,2006,21.0
Kazakhstan,2007,21.0
Kazakhstan,2008,21.0
Kazakhstan,2009,20.0
Kazakhstan,2010,19.0
Kazakhstan,2011,19.0
Kazakhstan,2012,19.0
Kazakhstan,2013,12.0
Kazakhstan,2014,10.0
Kenya,2004,47.0
Kenya,2005,54.0
Kenya,2006,54.0
Kenya,2007,44.0
Kenya,2008,31.0
Kenya,2009,31.0
Kenya,2010,31.0
Kenya,2011,33.0
Kenya,2012,32.0
Kenya,2013,32.0
Kenya,2014,30.0
"Korea, Rep.",2004,17.0
"Korea, Rep.",2005,17.0
"Korea, Rep.",2006,17.0
"Korea, Rep.",2007,17.0
"Korea, Rep.",2008,17.0
"Korea, Rep.",2009,14.0
"Korea, Rep.",2010,14.0
"Korea, Rep.",2011,7.0
"Korea, Rep.",2012,4.0
"Korea, Rep.",2013,4.0
"Korea, Rep.",2014,4.0
Kuwait,2004,35.0
Kuwait,2005,35.0
Kuwait,2006,35.0
Kuwait,2007,35.0
Kuwait,2008,35.0
Kuwait,2009,35.0
Kuwait,2010,35.0
Kuwait,2011,32.0
Kuwait,2012,32.0
Kuwait,2013,32.0
Kuwait,2014,31.0
Latin America & Caribbean,2004,69.04545455
Latin America & Caribbean,2005,75.4516129
Latin America & Caribbean,2006,70.67741935
Latin America & Caribbean,2007,64.921875
Latin America & Caribbean,2008,64.0
Latin America & Caribbean,2009,61.703125
Latin America & Caribbean,2010,57.0
Latin America & Caribbean,2011,52.98484848
Latin America & Caribbean,2012,53.10606061
Latin America & Caribbean,2013,34.22424242
Latin America & Caribbean,2014,29.31515152
Latin America & Caribbean (excluding high income),2004,73.64705882
Latin America & Caribbean (excluding high income),2005,84.95652174
Latin America & Caribbean (excluding high income),2006,80.30434783
Latin America & Caribbean (excluding high income),2007,74.08695652
Latin America & Caribbean (excluding high income),2008,72.82608696
Latin America & Caribbean (excluding high income),2009,68.93478261
Latin America & Caribbean (excluding high income),2010,63.0
Latin America & Caribbean (excluding high income),2011,62.65217391
Latin America & Caribbean (excluding high income),2012,62.7826087
Latin America & Caribbean (excluding high income),2013,35.90869565
Latin America & Caribbean (excluding high income),2014,29.90869565
Latvia,2004,16.0
Latvia,2005,16.0
Latvia,2006,16.0
Latvia,2007,16.0
Latvia,2008,15.5
Latvia,2009,15.5
Latvia,2010,15.5
Latvia,2011,15.5
Latvia,2012,15.5
Latvia,2013,12.5
Latvia,2014,12.5
Least developed countries: UN classification,2004,65.51315789
Least developed countries: UN classification,2005,69.1744186
Least developed countries: UN classification,2006,64.78409091
Least developed countries: UN classification,2007,60.44318182
Least developed countries: UN classification,2008,55.03409091
Least developed countries: UN classification,2009,52.76136364
Least developed countries: UN classification,2010,47.94318182
Least developed countries: UN classification,2011,37.45454545
Least developed countries: UN classification,2012,36.33695652
Least developed countries: UN classification,2013,32.3
Least developed countries: UN classification,2014,28.86956522
Lesotho,2004,138.0
Lesotho,2005,103.0
Lesotho,2006,73.0
Lesotho,2007,73.0
Lesotho,2008,39.0
Lesotho,2009,39.0
Lesotho,2010,39.0
Lesotho,2011,39.0
Lesotho,2012,29.0
Lesotho,2013,29.0
Lesotho,2014,29.0
Low & middle income,2004,54.38990826
Low & middle income,2005,57.61382114
Low & middle income,2006,53.308
Low & middle income,2007,49.164
Low & middle income,2008,45.228
Low & middle income,2009,41.91269841
Low & middle income,2010,39.1547619
Low & middle income,2011,35.00793651
Low & middle income,2012,34.19767442
Low & middle income,2013,27.57751938
Low & middle income,2014,24.43023256
Low income,2004,57.375
Low income,2005,62.07407407
Low income,2006,58.67857143
Low income,2007,54.03571429
Low income,2008,52.85714286
Low income,2009,50.21428571
Low income,2010,44.75
Low income,2011,35.875
Low income,2012,33.01724138
Low income,2013,28.56896552
Low income,2014,27.13793103
Lower middle income,2004,57.21111111
Lower middle income,2005,54.01020408
Lower middle income,2006,49.96938776
Lower middle income,2007,45.71428571
Lower middle income,2008,41.26530612
Lower middle income,2009,38.44
Lower middle income,2010,35.62
Lower middle income,2011,31.16
Lower middle income,2012,30.7745098
Lower middle income,2013,27.80784314
Lower middle income,2014,23.14117647
Madagascar,2004,47.0
Madagascar,2005,42.0
Madagascar,2006,20.0
Madagascar,2007,7.0
Madagascar,2008,7.0
Madagascar,2009,8.0
Madagascar,2010,8.0
Madagascar,2011,7.0
Madagascar,2012,9.0
Madagascar,2013,8.0
Madagascar,2014,8.0
Malawi,2004,37.0
Malawi,2005,37.0
Malawi,2006,37.0
Malawi,2007,37.0
Malawi,2008,37.0
Malawi,2009,36.0
Malawi,2010,36.0
Malawi,2011,36.0
Malawi,2012,37.0
Malawi,2013,40.0
Malawi,2014,38.0
Malaysia,2004,37.0
Malaysia,2005,37.0
Malaysia,2006,37.0
Malaysia,2007,31.0
Malaysia,2008,20.0
Malaysia,2009,18.0
Malaysia,2010,17.0
Malaysia,2011,5.0
Malaysia,2012,6.0
Malaysia,2013,6.0
Malaysia,2014,5.5
Maldives,2004,9.0
Maldives,2005,9.0
Maldives,2006,9.0
Maldives,2007,9.0
Maldives,2008,9.0
Maldives,2009,9.0
Maldives,2010,9.0
Maldives,2011,9.0
Maldives,2012,9.0
Maldives,2013,9.0
Maldives,2014,9.0
Mali,2004,33.0
Mali,2005,27.0
Mali,2006,42.0
Mali,2007,25.0
Mali,2008,25.0
Mali,2009,8.0
Mali,2010,8.0
Mali,2011,8.0
Mali,2012,8.0
Mali,2013,11.0
Mali,2014,11.0
Mauritius,2004,46.0
Mauritius,2005,46.0
Mauritius,2006,46.0
Mauritius,2007,7.0
Mauritius,2008,6.0
Mauritius,2009,6.0
Mauritius,2010,6.0
Mauritius,2011,6.0
Mauritius,2012,6.0
Mauritius,2013,6.0
Mauritius,2014,6.0
Mexico,2004,30.0
Mexico,2005,30.0
Mexico,2006,8.0
Mexico,2007,7.5
Mexico,2008,9.0
Mexico,2009,8.0
Mexico,2010,6.0
Mexico,2011,6.0
Mexico,2012,6.0
Mexico,2013,6.3
Mexico,2014,6.3
Middle East & North Africa,2004,37.375
Middle East & North Africa,2005,35.76470588
Middle East & North Africa,2006,34.47058824
Middle East & North Africa,2007,29.63157895
Middle East & North Africa,2008,19.57894737
Middle East & North Africa,2009,18.10526316
Middle East & North Africa,2010,18.23684211
Middle East & North Africa,2011,18.75
Middle East & North Africa,2012,20.76190476
Middle East & North Africa,2013,19.35714286
Middle East & North Africa,2014,18.64285714
Middle East & North Africa (excluding high income),2004,37.81818182
Middle East & North Africa (excluding high income),2005,36.08333333
Middle East & North Africa (excluding high income),2006,35.75
Middle East & North Africa (excluding high income),2007,34.75
Middle East & North Africa (excluding high income),2008,21.0
Middle East & North Africa (excluding high income),2009,19.0
Middle East & North Africa (excluding high income),2010,19.0
Middle East & North Africa (excluding high income),2011,18.91666667
Middle East & North Africa (excluding high income),2012,22.46153846
Middle East & North Africa (excluding high income),2013,20.69230769
Middle East & North Africa (excluding high income),2014,20.0
Middle income,2004,53.54705882
Middle income,2005,56.359375
Middle income,2006,51.75773196
Middle income,2007,47.75773196
Middle income,2008,43.0257732
Middle income,2009,39.54081633
Middle income,2010,37.55612245
Middle income,2011,34.76020408
Middle income,2012,34.54
Middle income,2013,27.29
Middle income,2014,23.645
Moldova,2004,30.0
Moldova,2005,30.0
Moldova,2006,30.0
Moldova,2007,23.0
Moldova,2008,15.0
Moldova,2009,10.0
Moldova,2010,10.0
Moldova,2011,9.0
Moldova,2012,9.0
Moldova,2013,7.0
Moldova,2014,6.0
Morocco,2004,12.0
Morocco,2005,12.0
Morocco,2006,12.0
Morocco,2007,12.0
Morocco,2008,12.0
Morocco,2009,12.0
Morocco,2010,12.0
Morocco,2011,12.0
Morocco,2012,12.0
Morocco,2013,11.0
Morocco,2014,11.0
Mozambique,2004,167.0
Mozambique,2005,167.0
Mozambique,2006,112.0
Mozambique,2007,29.0
Mozambique,2008,26.0
Mozambique,2009,26.0
Mozambique,2010,13.0
Mozambique,2011,13.0
Mozambique,2012,13.0
Mozambique,2013,13.0
Mozambique,2014,13.0
Namibia,2004,85.0
Namibia,2005,95.0
Namibia,2006,95.0
Namibia,2007,99.0
Namibia,2008,66.0
Namibia,2009,66.0
Namibia,2010,66.0
Namibia,2011,66.0
Namibia,2012,66.0
Namibia,2013,66.0
Namibia,2014,66.0
Netherlands,2004,9.0
Netherlands,2005,9.0
Netherlands,2006,8.0
Netherlands,2007,8.0
Netherlands,2008,8.0
Netherlands,2009,8.0
Netherlands,2010,8.0
Netherlands,2011,8.0
Netherlands,2012,5.0
Netherlands,2013,4.0
Netherlands,2014,4.0
New Zealand,2004,12.0
New Zealand,2005,12.0
New Zealand,2006,12.0
New Zealand,2007,12.0
New Zealand,2008,0.5
New Zealand,2009,0.5
New Zealand,2010,0.5
New Zealand,2011,0.5
New Zealand,2012,0.5
New Zealand,2013,0.5
New Zealand,2014,0.5
Nicaragua,2004,40.0
Nicaragua,2005,40.0
Nicaragua,2006,40.0
Nicaragua,2007,39.0
Nicaragua,2008,39.0
Nicaragua,2009,39.0
Nicaragua,2010,39.0
Nicaragua,2011,39.0
Nicaragua,2012,39.0
Nicaragua,2013,36.0
Nicaragua,2014,13.0
Niger,2004,35.0
Niger,2005,35.0
Niger,2006,31.0
Niger,2007,23.0
Niger,2008,19.0
Niger,2009,17.0
Niger,2010,17.0
Niger,2011,17.0
Niger,2012,17.0
Niger,2013,17.0
Niger,2014,15.0
Nigeria,2004,36.0
Nigeria,2005,35.0
Nigeria,2006,35.0
Nigeria,2007,27.0
Nigeria,2008,25.0
Nigeria,2009,25.0
Nigeria,2010,25.0
Nigeria,2011,28.0
Nigeria,2012,28.0
Nigeria,2013,30.8
Nigeria,2014,30.8
North America,2004,4.5
North America,2005,4.5
North America,2006,4.5
North America,2007,4.5
North America,2008,5.0
North America,2009,5.0
North America,2010,5.0
North America,2011,5.0
North America,2012,5.0
North America,2013,5.6
North America,2014,5.3
Norway,2004,18.0
Norway,2005,8.0
Norway,2006,7.0
Norway,2007,8.0
Norway,2008,6.0
Norway,2009,6.0
Norway,2010,6.0
Norway,2011,6.0
Norway,2012,6.0
Norway,2013,6.0
Norway,2014,5.0
OECD members,2004,30.18181818
OECD members,2005,23.54545455
OECD members,2006,19.88235294
OECD members,2007,17.26470588
OECD members,2008,14.52941176
OECD members,2009,13.97058824
OECD members,2010,13.13235294
OECD members,2011,10.83823529
OECD members,2012,10.45588235
OECD members,2013,10.25588235
OECD members,2014,8.914705882
Oman,2004,35.0
Oman,2005,35.0
Oman,2006,42.0
Oman,2007,39.0
Oman,2008,13.0
Oman,2009,11.0
Oman,2010,11.0
Oman,2011,7.0
Oman,2012,7.0
Oman,2013,7.0
Oman,2014,7.0
Pakistan,2004,24.0
Pakistan,2005,22.0
Pakistan,2006,24.0
Pakistan,2007,23.0
Pakistan,2008,23.0
Pakistan,2009,19.0
Pakistan,2010,19.0
Pakistan,2011,19.0
Pakistan,2012,19.0
Pakistan,2013,19.0
Pakistan,2014,19.0
Papua New Guinea,2004,52.0
Papua New Guinea,2005,52.0
Papua New Guinea,2006,52.0
Papua New Guinea,2007,52.0
Papua New Guinea,2008,52.0
Papua New Guinea,2009,52.0
Papua New Guinea,2010,52.0
Papua New Guinea,2011,52.0
Papua New Guinea,2012,52.0
Papua New Guinea,2013,53.0
Papua New Guinea,2014,53.0
Paraguay,2004,72.0
Paraguay,2005,72.0
Paraguay,2006,72.0
Paraguay,2007,34.0
Paraguay,2008,35.0
Paraguay,2009,35.0
Paraguay,2010,35.0
Paraguay,2011,35.0
Paraguay,2012,35.0
Paraguay,2013,35.0
Paraguay,2014,35.0
Peru,2004,98.0
Peru,2005,104.0
Peru,2006,74.0
Peru,2007,74.0
Peru,2008,66.5
Peru,2009,40.5
Peru,2010,27.0
Peru,2011,26.0
Peru,2012,26.0
Peru,2013,26.0
Peru,2014,26.0
Philippines,2004,49.0
Philippines,2005,47.0
Philippines,2006,47.0
Philippines,2007,47.0
Philippines,2008,41.0
Philippines,2009,42.0
Philippines,2010,37.0
Philippines,2011,36.0
Philippines,2012,36.0
Philippines,2013,36.0
Philippines,2014,34.0
Poland,2004,56.0
Poland,2005,46.0
Poland,2006,31.0
Poland,2007,31.0
Poland,2008,31.0
Poland,2009,32.0
Poland,2010,32.0
Poland,2011,32.0
Poland,2012,32.0
Poland,2013,30.0
Poland,2014,30.0
Portugal,2004,78.0
Portugal,2005,48.0
Portugal,2006,6.5
Portugal,2007,5.5
Portugal,2008,4.5
Portugal,2009,4.5
Portugal,2010,4.5
Portugal,2011,3.5
Portugal,2012,3.5
Portugal,2013,2.5
Portugal,2014,2.5
Russian Federation,2004,30.0
Russian Federation,2005,29.0
Russian Federation,2006,29.0
Russian Federation,2007,29.0
Russian Federation,2008,29.0
Russian Federation,2009,29.0
Russian Federation,2010,29.0
Russian Federation,2011,29.0
Russian Federation,2012,18.0
Russian Federation,2013,12.9
Russian Federation,2014,11.2
Rwanda,2004,18.0
Rwanda,2005,18.0
Rwanda,2006,16.0
Rwanda,2007,16.0
Rwanda,2008,14.0
Rwanda,2009,7.0
Rwanda,2010,7.0
Rwanda,2011,7.0
Rwanda,2012,8.0
Rwanda,2013,7.0
Rwanda,2014,6.5
Saudi Arabia,2004,74.0
Saudi Arabia,2005,67.0
Saudi Arabia,2006,42.0
Saudi Arabia,2007,19.0
Saudi Arabia,2008,19.0
Saudi Arabia,2009,20.0
Saudi Arabia,2010,20.0
Saudi Arabia,2011,20.0
Saudi Arabia,2012,20.0
Saudi Arabia,2013,20.5
Saudi Arabia,2014,20.5
Senegal,2004,57.0
Senegal,2005,57.0
Senegal,2006,57.0
Senegal,2007,58.0
Senegal,2008,9.0
Senegal,2009,9.0
Senegal,2010,9.0
Senegal,2011,6.0
Senegal,2012,6.0
Senegal,2013,6.0
Senegal,2014,6.0
Singapore,2004,8.0
Singapore,2005,6.0
Singapore,2006,6.0
Singapore,2007,5.0
Singapore,2008,3.5
Singapore,2009,2.5
Singapore,2010,2.5
Singapore,2011,2.5
Singapore,2012,2.5
Singapore,2013,2.5
Singapore,2014,2.5
Slovenia,2004,60.0
Slovenia,2005,60.0
Slovenia,2006,60.0
Slovenia,2007,60.0
Slovenia,2008,19.0
Slovenia,2009,6.0
Slovenia,2010,6.0
Slovenia,2011,6.0
Slovenia,2012,6.0
Slovenia,2013,6.0
Slovenia,2014,6.0
Solomon Islands,2004,55.0
Solomon Islands,2005,55.0
Solomon Islands,2006,55.0
Solomon Islands,2007,55.0
Solomon Islands,2008,55.0
Solomon Islands,2009,55.0
Solomon Islands,2010,55.0
Solomon Islands,2011,41.0
Solomon Islands,2012,7.0
Solomon Islands,2013,9.0
Solomon Islands,2014,9.0
South Africa,2004,36.0
South Africa,2005,33.0
South Africa,2006,33.0
South Africa,2007,31.0
South Africa,2008,22.0
South Africa,2009,22.0
South Africa,2010,22.0
South Africa,2011,19.0
South Africa,2012,19.0
South Africa,2013,19.0
South Africa,2014,19.0
South Asia,2004,39.1875
South Asia,2005,37.5625
South Asia,2006,32.3125
South Asia,2007,32.6875
South Asia,2008,32.1875
South Asia,2009,28.5625
South Asia,2010,25.4375
South Asia,2011,23.5625
South Asia,2012,20.3125
South Asia,2013,17.6125
South Asia,2014,15.9875
Spain,2004,137.0
Spain,2005,70.0
Spain,2006,60.0
Spain,2007,60.0
Spain,2008,61.0
Spain,2009,61.0
Spain,2010,52.0
Spain,2011,29.0
Spain,2012,29.0
Spain,2013,23.0
Spain,2014,13.0
Sri Lanka,2004,46.0
Sri Lanka,2005,46.0
Sri Lanka,2006,46.0
Sri Lanka,2007,42.0
Sri Lanka,2008,44.0
Sri Lanka,2009,44.0
Sri Lanka,2010,38.0
Sri Lanka,2011,35.0
Sri Lanka,2012,11.0
Sri Lanka,2013,11.0
Sri Lanka,2014,11.0
Sub-Saharan Africa,2004,58.18918919
Sub-Saharan Africa,2005,62.51111111
Sub-Saharan Africa,2006,58.69565217
Sub-Saharan Africa,2007,53.69565217
Sub-Saharan Africa,2008,49.67391304
Sub-Saharan Africa,2009,47.06521739
Sub-Saharan Africa,2010,44.93478261
Sub-Saharan Africa,2011,35.90217391
Sub-Saharan Africa,2012,34.23404255
Sub-Saharan Africa,2013,29.78297872
Sub-Saharan Africa,2014,27.34680851
Sub-Saharan Africa (excluding high income),2004,58.18918919
Sub-Saharan Africa (excluding high income),2005,60.39534884
Sub-Saharan Africa (excluding high income),2006,56.97727273
Sub-Saharan Africa (excluding high income),2007,51.72727273
Sub-Saharan Africa (excluding high income),2008,47.52272727
Sub-Saharan Africa (excluding high income),2009,44.79545455
Sub-Saharan Africa (excluding high income),2010,42.56818182
Sub-Saharan Africa (excluding high income),2011,33.625
Sub-Saharan Africa (excluding high income),2012,31.46666667
Sub-Saharan Africa (excluding high income),2013,27.26222222
Sub-Saharan Africa (excluding high income),2014,24.71777778
Sudan,2004,37.0
Sudan,2005,37.0
Sudan,2006,37.0
Sudan,2007,37.0
Sudan,2008,37.0
Sudan,2009,35.0
Sudan,2010,35.0
Sudan,2011,35.0
Sudan,2012,35.0
Sudan,2013,36.0
Sudan,2014,36.0
Suriname,2004,47.77269403
Suriname,2005,697.0
Suriname,2006,689.0
Suriname,2007,689.0
Suriname,2008,690.0
Suriname,2009,690.0
Suriname,2010,690.0
Suriname,2011,690.0
Suriname,2012,690.0
Suriname,2013,204.0
Suriname,2014,84.0
Swaziland,2004,47.77269403
Swaziland,2005,60.0
Swaziland,2006,60.0
Swaziland,2007,60.0
Swaziland,2008,60.0
Swaziland,2009,60.0
Swaziland,2010,56.0
Swaziland,2011,56.0
Swaziland,2012,56.0
Swaziland,2013,38.0
Swaziland,2014,30.0
Sweden,2004,16.0
Sweden,2005,16.0
Sweden,2006,16.0
Sweden,2007,16.0
Sweden,2008,16.0
Sweden,2009,16.0
Sweden,2010,16.0
Sweden,2011,16.0
Sweden,2012,16.0
Sweden,2013,16.0
Sweden,2014,16.0
Switzerland,2004,18.0
Switzerland,2005,18.0
Switzerland,2006,18.0
Switzerland,2007,18.0
Switzerland,2008,18.0
Switzerland,2009,18.0
Switzerland,2010,18.0
Switzerland,2011,18.0
Switzerland,2012,18.0
Switzerland,2013,18.0
Switzerland,2014,10.0
Tanzania,2004,34.0
Tanzania,2005,34.0
Tanzania,2006,31.0
Tanzania,2007,30.0
Tanzania,2008,29.0
Tanzania,2009,29.0
Tanzania,2010,29.0
Tanzania,2011,29.0
Tanzania,2012,26.0
Tanzania,2013,26.0
Tanzania,2014,26.0
Thailand,2004,33.0
Thailand,2005,33.0
Thailand,2006,33.0
Thailand,2007,33.0
Thailand,2008,33.0
Thailand,2009,32.0
Thailand,2010,32.0
Thailand,2011,29.0
Thailand,2012,29.0
Thailand,2013,27.5
Thailand,2014,27.5
Togo,2004,63.0
Togo,2005,63.0
Togo,2006,62.0
Togo,2007,60.0
Togo,2008,60.0
Togo,2009,84.0
Togo,2010,84.0
Togo,2011,84.0
Togo,2012,38.0
Togo,2013,19.0
Togo,2014,10.0
Trinidad and Tobago,2004,47.77269403
Trinidad and Tobago,2005,74.0
Trinidad and Tobago,2006,41.0
Trinidad and Tobago,2007,41.0
Trinidad and Tobago,2008,41.0
Trinidad and Tobago,2009,41.0
Trinidad and Tobago,2010,40.0
Trinidad and Tobago,2011,40.0
Trinidad and Tobago,2012,40.0
Trinidad and Tobago,2013,35.5
Trinidad and Tobago,2014,11.5
Tunisia,2004,11.0
Tunisia,2005,11.0
Tunisia,2006,11.0
Tunisia,2007,11.0
Tunisia,2008,11.0
Tunisia,2009,11.0
Tunisia,2010,11.0
Tunisia,2011,11.0
Tunisia,2012,11.0
Tunisia,2013,11.0
Tunisia,2014,11.0
Turkey,2004,6.0
Turkey,2005,6.0
Turkey,2006,6.0
Turkey,2007,6.0
Turkey,2008,6.0
Turkey,2009,6.0
Turkey,2010,6.0
Turkey,2011,6.0
Turkey,2012,6.0
Turkey,2013,6.0
Turkey,2014,6.5
Uganda,2004,34.0
Uganda,2005,34.0
Uganda,2006,28.0
Uganda,2007,28.0
Uganda,2008,25.0
Uganda,2009,25.0
Uganda,2010,24.0
Uganda,2011,33.0
Uganda,2012,33.0
Uganda,2013,32.0
Uganda,2014,32.0
Ukraine,2004,34.0
Ukraine,2005,34.0
Ukraine,2006,33.0
Ukraine,2007,27.0
Ukraine,2008,27.0
Ukraine,2009,27.0
Ukraine,2010,27.0
Ukraine,2011,24.0
Ukraine,2012,22.0
Ukraine,2013,21.0
Ukraine,2014,21.0
United Arab Emirates,2004,19.0
United Arab Emirates,2005,19.0
United Arab Emirates,2006,19.0
United Arab Emirates,2007,18.0
United Arab Emirates,2008,18.0
United Arab Emirates,2009,15.0
United Arab Emirates,2010,15.0
United Arab Emirates,2011,13.0
United Arab Emirates,2012,8.0
United Arab Emirates,2013,8.0
United Arab Emirates,2014,8.0
United States,2004,6.0
United States,2005,6.0
United States,2006,6.0
United States,2007,6.0
United States,2008,5.0
United States,2009,5.0
United States,2010,5.0
United States,2011,5.0
United States,2012,5.0
United States,2013,6.2
United States,2014,5.6
Upper middle income,2004,49.425
Upper middle income,2005,58.80851064
Upper middle income,2006,53.58333333
Upper middle income,2007,49.84375
Upper middle income,2008,44.82291667
Upper middle income,2009,40.6875
Upper middle income,2010,39.57291667
Upper middle income,2011,38.51041667
Upper middle income,2012,38.45918367
Upper middle income,2013,26.75102041
Upper middle income,2014,24.16938776
Uruguay,2004,45.0
Uruguay,2005,45.0
Uruguay,2006,43.0
Uruguay,2007,43.0
Uruguay,2008,43.0
Uruguay,2009,64.0
Uruguay,2010,64.0
Uruguay,2011,6.5
Uruguay,2012,6.5
Uruguay,2013,6.5
Uruguay,2014,6.5
Uzbekistan,2004,28.0
Uzbekistan,2005,28.0
Uzbekistan,2006,28.0
Uzbekistan,2007,14.0
Uzbekistan,2008,14.0
Uzbekistan,2009,14.0
Uzbekistan,2010,14.0
Uzbekistan,2011,13.0
Uzbekistan,2012,11.0
Uzbekistan,2013,7.5
Uzbekistan,2014,7.5
"Venezuela, RB",2004,143.0
"Venezuela, RB",2005,143.0
"Venezuela, RB",2006,143.0
"Venezuela, RB",2007,142.0
"Venezuela, RB",2008,141.0
"Venezuela, RB",2009,141.0
"Venezuela, RB",2010,141.0
"Venezuela, RB",2011,141.0
"Venezuela, RB",2012,144.0
"Venezuela, RB",2013,144.0
"Venezuela, RB",2014,144.0
World,2004,48.02903226
World,2005,50.1408046
World,2006,46.37359551
World,2007,42.24309392
World,2008,38.64285714
World,2009,36.22677596
World,2010,33.99180328
World,2011,30.12972973
World,2012,29.66666667
World,2013,24.86931217
World,2014,22.29365079
"Yemen, Rep.",2004,63.0
"Yemen, Rep.",2005,63.0
"Yemen, Rep.",2006,63.0
"Yemen, Rep.",2007,63.0
"Yemen, Rep.",2008,13.0
"Yemen, Rep.",2009,12.0
"Yemen, Rep.",2010,12.0
"Yemen, Rep.",2011,12.0
"Yemen, Rep.",2012,40.0
"Yemen, Rep.",2013,40.0
"Yemen, Rep.",2014,40.0
Zambia,2004,35.0
Zambia,2005,35.0
Zambia,2006,35.0
Zambia,2007,33.0
Zambia,2008,18.0
Zambia,2009,18.0
Zambia,2010,18.0
Zambia,2011,18.0
Zambia,2012,17.5
Zambia,2013,7.5
Zambia,2014,6.5
Zimbabwe,2004,93.0
Zimbabwe,2005,93.0
Zimbabwe,2006,93.0
Zimbabwe,2007,93.0
Zimbabwe,2008,93.0
Zimbabwe,2009,93.0
Zimbabwe,2010,86.0
Zimbabwe,2011,86.0
Zimbabwe,2012,86.0
Zimbabwe,2013,90.0
Zimbabwe,2014,90.0
