Country Name, Year,technical articles
Afghanistan,2004,6.8
Afghanistan,2005,8.4
Afghanistan,2006,10.2
Afghanistan,2007,13.0
Afghanistan,2008,12.7
Afghanistan,2009,21.5
Afghanistan,2010,29.3
Afghanistan,2011,43.2
Afghanistan,2012,35.0
Afghanistan,2013,26.5
Afghanistan,2014,26.5
Albania,2004,21.9
Albania,2005,24.5
Albania,2006,31.8
Albania,2007,40.5
Albania,2008,51.5
Albania,2009,77.0
Albania,2010,136.7
Albania,2011,160.9
Albania,2012,186.5
Albania,2013,183.6
Albania,2014,183.6
Angola,2004,7.2
Angola,2005,8.9
Angola,2006,13.6
Angola,2007,10.9
Angola,2008,10.7
Angola,2009,14.0
Angola,2010,15.7
Angola,2011,17.8
Angola,2012,21.8
Angola,2013,22.6
Angola,2014,22.6
Arab World,2004,11516.18832
Arab World,2005,12553.1503
Arab World,2006,14389.760069999998
Arab World,2007,16110.562919999997
Arab World,2008,18404.0
Arab World,2009,22131.7
Arab World,2010,24863.8
Arab World,2011,29042.9
Arab World,2012,32902.1
Arab World,2013,36106.1
Arab World,2014,36106.1
Argentina,2004,4641.3
Argentina,2005,4882.0
Argentina,2006,5334.5
Argentina,2007,5666.5
Argentina,2008,6276.5
Argentina,2009,7013.5
Argentina,2010,7420.0
Argentina,2011,7859.7
Argentina,2012,8073.1
Argentina,2013,8053.1
Argentina,2014,8053.1
Armenia,2004,328.9
Armenia,2005,375.2
Armenia,2006,358.4
Armenia,2007,391.2
Armenia,2008,387.6
Armenia,2009,432.3
Armenia,2010,488.8
Armenia,2011,612.6
Armenia,2012,558.7
Armenia,2013,558.5
Armenia,2014,558.5
Australia,2004,25971.5
Australia,2005,29798.2
Australia,2006,31934.6
Australia,2007,34606.6
Australia,2008,35847.1
Australia,2009,37928.4
Australia,2010,40078.9
Australia,2011,42937.1
Australia,2012,44488.9
Australia,2013,47805.7
Australia,2014,47805.7
Austria,2004,7977.5
Austria,2005,8838.6
Austria,2006,9061.0
Austria,2007,9818.0
Austria,2008,10209.8
Austria,2009,10847.8
Austria,2010,11042.9
Austria,2011,11614.1
Austria,2012,12001.0
Austria,2013,12031.3
Austria,2014,12031.3
Bangladesh,2004,486.2
Bangladesh,2005,561.6
Bangladesh,2006,688.0
Bangladesh,2007,959.8
Bangladesh,2008,1066.0
Bangladesh,2009,1239.9
Bangladesh,2010,1546.8
Bangladesh,2011,1585.6
Bangladesh,2012,2085.9
Bangladesh,2013,1970.6
Bangladesh,2014,1970.6
Belize,2004,4.5
Belize,2005,5.7
Belize,2006,4.9
Belize,2007,1.8
Belize,2008,3.6
Belize,2009,9.6
Belize,2010,11.0
Belize,2011,3.4
Belize,2012,8.5
Belize,2013,9.6
Belize,2014,9.6
Benin,2004,61.7
Benin,2005,59.0
Benin,2006,83.5
Benin,2007,90.0
Benin,2008,94.3
Benin,2009,125.5
Benin,2010,111.3
Benin,2011,147.2
Benin,2012,159.0
Benin,2013,187.1
Benin,2014,187.1
Bhutan,2004,9.4
Bhutan,2005,5.5
Bhutan,2006,15.9
Bhutan,2007,8.1
Bhutan,2008,6.2
Bhutan,2009,12.1
Bhutan,2010,17.2
Bhutan,2011,17.3
Bhutan,2012,17.2
Bhutan,2013,28.6
Bhutan,2014,28.6
Bolivia,2004,45.0
Bolivia,2005,59.9
Bolivia,2006,69.9
Bolivia,2007,79.7
Bolivia,2008,96.6
Bolivia,2009,86.2
Bolivia,2010,78.9
Bolivia,2011,85.8
Bolivia,2012,85.1
Bolivia,2013,89.4
Bolivia,2014,89.4
Botswana,2004,120.2
Botswana,2005,105.1
Botswana,2006,178.1
Botswana,2007,138.5
Botswana,2008,150.3
Botswana,2009,135.9
Botswana,2010,149.5
Botswana,2011,165.7
Botswana,2012,154.5
Botswana,2013,165.3
Botswana,2014,165.3
Brazil,2004,18861.9
Brazil,2005,21420.4
Brazil,2006,27507.1
Brazil,2007,30174.1
Brazil,2008,34534.4
Brazil,2009,37811.7
Brazil,2010,40530.5
Brazil,2011,43218.6
Brazil,2012,47302.1
Brazil,2013,48622.2
Brazil,2014,48622.2
Bulgaria,2004,1603.0
Bulgaria,2005,1905.1
Bulgaria,2006,1777.5
Bulgaria,2007,2371.6
Bulgaria,2008,2269.4
Bulgaria,2009,2453.0
Bulgaria,2010,2505.1
Bulgaria,2011,2434.3
Bulgaria,2012,2678.8
Bulgaria,2013,2677.3
Bulgaria,2014,2677.3
Burkina Faso,2004,72.7
Burkina Faso,2005,74.9
Burkina Faso,2006,106.8
Burkina Faso,2007,115.9
Burkina Faso,2008,122.4
Burkina Faso,2009,140.5
Burkina Faso,2010,134.1
Burkina Faso,2011,168.5
Burkina Faso,2012,214.8
Burkina Faso,2013,177.0
Burkina Faso,2014,177.0
Burundi,2004,4.0
Burundi,2005,2.8
Burundi,2006,4.3
Burundi,2007,5.5
Burundi,2008,2.5
Burundi,2009,3.5
Burundi,2010,12.8
Burundi,2011,9.0
Burundi,2012,10.8
Burundi,2013,16.3
Burundi,2014,16.3
Cabo Verde,2004,0.3
Cabo Verde,2005,0.4
Cabo Verde,2006,4.1
Cabo Verde,2007,1.2
Cabo Verde,2008,2.1
Cabo Verde,2009,4.9
Cabo Verde,2010,3.1
Cabo Verde,2011,2.4
Cabo Verde,2012,4.0
Cabo Verde,2013,8.0
Cabo Verde,2014,8.0
Cameroon,2004,207.6
Cameroon,2005,281.7
Cameroon,2006,331.7
Cameroon,2007,366.7
Cameroon,2008,342.8
Cameroon,2009,371.6
Cameroon,2010,401.4
Cameroon,2011,450.8
Cameroon,2012,457.1
Cameroon,2013,526.8
Cameroon,2014,526.8
Chad,2004,10.0
Chad,2005,9.4
Chad,2006,11.0
Chad,2007,5.5
Chad,2008,6.8
Chad,2009,9.5
Chad,2010,6.3
Chad,2011,8.9
Chad,2012,6.0
Chad,2013,7.0
Chad,2014,7.0
Chile,2004,2255.7
Chile,2005,2520.6
Chile,2006,3063.6
Chile,2007,3399.8
Chile,2008,3825.4
Chile,2009,4103.6
Chile,2010,4198.5
Chile,2011,4617.3
Chile,2012,5115.8
Chile,2013,5157.6
Chile,2014,5157.6
Comoros,2004,1.2
Comoros,2005,0.9
Comoros,2006,0.2
Comoros,2007,2.1
Comoros,2008,0.7
Comoros,2009,0.8
Comoros,2010,2.2
Comoros,2011,3.9
Comoros,2012,1.6
Comoros,2013,13.9
Comoros,2014,13.9
"Congo, Dem. Rep.",2004,3.5
"Congo, Dem. Rep.",2005,5.4
"Congo, Dem. Rep.",2006,8.1
"Congo, Dem. Rep.",2007,7.2
"Congo, Dem. Rep.",2008,8.4
"Congo, Dem. Rep.",2009,16.2
"Congo, Dem. Rep.",2010,18.3
"Congo, Dem. Rep.",2011,13.7
"Congo, Dem. Rep.",2012,21.4
"Congo, Dem. Rep.",2013,16.4
"Congo, Dem. Rep.",2014,16.4
"Congo, Rep.",2004,47.0
"Congo, Rep.",2005,65.1
"Congo, Rep.",2006,63.5
"Congo, Rep.",2007,73.6
"Congo, Rep.",2008,74.9
"Congo, Rep.",2009,71.0
"Congo, Rep.",2010,91.8
"Congo, Rep.",2011,95.2
"Congo, Rep.",2012,114.2
"Congo, Rep.",2013,136.8
"Congo, Rep.",2014,136.8
Costa Rica,2004,211.6
Costa Rica,2005,207.7
Costa Rica,2006,215.1
Costa Rica,2007,215.4
Costa Rica,2008,246.1
Costa Rica,2009,256.8
Costa Rica,2010,264.3
Costa Rica,2011,267.1
Costa Rica,2012,295.9
Costa Rica,2013,276.6
Costa Rica,2014,276.6
Cote d'Ivoire,2004,107.8
Cote d'Ivoire,2005,102.4
Cote d'Ivoire,2006,103.3
Cote d'Ivoire,2007,154.3
Cote d'Ivoire,2008,222.3
Cote d'Ivoire,2009,190.2
Cote d'Ivoire,2010,207.3
Cote d'Ivoire,2011,218.8
Cote d'Ivoire,2012,220.0
Cote d'Ivoire,2013,169.2
Cote d'Ivoire,2014,169.2
Croatia,2004,2518.2
Croatia,2005,3008.7
Croatia,2006,2931.0
Croatia,2007,3480.1
Croatia,2008,3821.6
Croatia,2009,4176.6
Croatia,2010,4243.0
Croatia,2011,4666.5
Croatia,2012,4479.2
Croatia,2013,4359.0
Croatia,2014,4359.0
Denmark,2004,7629.7
Denmark,2005,8111.0
Denmark,2006,8367.9
Denmark,2007,8824.1
Denmark,2008,9040.2
Denmark,2009,9652.1
Denmark,2010,10168.0
Denmark,2011,11242.1
Denmark,2012,12237.1
Denmark,2013,12482.4
Denmark,2014,12482.4
Dominican Republic,2004,13.6
Dominican Republic,2005,17.7
Dominican Republic,2006,18.1
Dominican Republic,2007,20.2
Dominican Republic,2008,18.6
Dominican Republic,2009,15.5
Dominican Republic,2010,17.3
Dominican Republic,2011,20.7
Dominican Republic,2012,25.5
Dominican Republic,2013,39.1
Dominican Republic,2014,39.1
East Asia & Pacific,2004,290757.907
East Asia & Pacific,2005,364855.1477
East Asia & Pacific,2006,403580.1796
East Asia & Pacific,2007,438142.2074
East Asia & Pacific,2008,481085.4869
East Asia & Pacific,2009,532233.2829
East Asia & Pacific,2010,572391.0262
East Asia & Pacific,2011,634627.1782
East Asia & Pacific,2012,661959.0595
East Asia & Pacific,2013,699399.9335
East Asia & Pacific,2014,699399.9335
East Asia & Pacific (excluding high income),2004,112918.8024
East Asia & Pacific (excluding high income),2005,164208.1729
East Asia & Pacific (excluding high income),2006,191073.1617
East Asia & Pacific (excluding high income),2007,217906.6357
East Asia & Pacific (excluding high income),2008,254464.2468
East Asia & Pacific (excluding high income),2009,296573.8489
East Asia & Pacific (excluding high income),2010,327711.3082
East Asia & Pacific (excluding high income),2011,378489.1531
East Asia & Pacific (excluding high income),2012,401254.3925
East Asia & Pacific (excluding high income),2013,434278.8533
East Asia & Pacific (excluding high income),2014,434278.8533
Ecuador,2004,92.5
Ecuador,2005,126.3
Ecuador,2006,122.7
Ecuador,2007,138.5
Ecuador,2008,150.4
Ecuador,2009,182.9
Ecuador,2010,191.6
Ecuador,2011,168.0
Ecuador,2012,250.4
Ecuador,2013,256.0
Ecuador,2014,256.0
"Egypt, Arab Rep.",2004,3415.2
"Egypt, Arab Rep.",2005,3477.7
"Egypt, Arab Rep.",2006,3916.8
"Egypt, Arab Rep.",2007,4466.9
"Egypt, Arab Rep.",2008,4893.8
"Egypt, Arab Rep.",2009,6138.1
"Egypt, Arab Rep.",2010,6697.7
"Egypt, Arab Rep.",2011,7708.0
"Egypt, Arab Rep.",2012,8929.7
"Egypt, Arab Rep.",2013,9199.2
"Egypt, Arab Rep.",2014,9199.2
Equatorial Guinea,2004,4.1
Equatorial Guinea,2005,1.5
Equatorial Guinea,2006,3.7
Equatorial Guinea,2007,3.8
Equatorial Guinea,2008,2.6
Equatorial Guinea,2009,5.0
Equatorial Guinea,2010,4.2
Equatorial Guinea,2011,3.2
Equatorial Guinea,2012,3.0
Equatorial Guinea,2013,2.4
Equatorial Guinea,2014,2.4
Estonia,2004,603.7
Estonia,2005,707.8
Estonia,2006,843.6
Estonia,2007,998.8
Estonia,2008,1087.7
Estonia,2009,1119.2
Estonia,2010,1339.8
Estonia,2011,1365.6
Estonia,2012,1389.4
Estonia,2013,1425.8
Estonia,2014,1425.8
Euro area,2004,271073.2
Euro area,2005,302713.6
Euro area,2006,318348.9
Euro area,2007,335091.6
Euro area,2008,349943.8
Euro area,2009,367791.3
Euro area,2010,374599.1
Euro area,2011,389644.5
Euro area,2012,405049.8
Euro area,2013,409134.6
Euro area,2014,409134.6
Europe & Central Asia,2004,473105.4236
Europe & Central Asia,2005,526020.1184
Europe & Central Asia,2006,550806.9592
Europe & Central Asia,2007,580862.8708
Europe & Central Asia,2008,604718.4457
Europe & Central Asia,2009,636697.7131
Europe & Central Asia,2010,652861.6653
Europe & Central Asia,2011,681610.8633
Europe & Central Asia,2012,708051.354
Europe & Central Asia,2013,720931.8159
Europe & Central Asia,2014,720931.8159
Europe & Central Asia (excluding high income),2004,56977.3
Europe & Central Asia (excluding high income),2005,64094.4
Europe & Central Asia (excluding high income),2006,64721.1
Europe & Central Asia (excluding high income),2007,71682.9
Europe & Central Asia (excluding high income),2008,76439.4
Europe & Central Asia (excluding high income),2009,83912.0
Europe & Central Asia (excluding high income),2010,89151.8
Europe & Central Asia (excluding high income),2011,94330.4
Europe & Central Asia (excluding high income),2012,96746.1
Europe & Central Asia (excluding high income),2013,102008.4
Europe & Central Asia (excluding high income),2014,102008.4
European Union,2004,402907.1
European Union,2005,447790.7
European Union,2006,470351.6
European Union,2007,495074.9
European Union,2008,515794.1
European Union,2009,541144.5
European Union,2010,552780.2
European Union,2011,575024.4
European Union,2012,597675.6
European Union,2013,605535.9
European Union,2014,605535.9
Fiji,2004,55.1
Fiji,2005,58.5
Fiji,2006,71.8
Fiji,2007,80.2
Fiji,2008,60.9
Fiji,2009,70.3
Fiji,2010,56.8
Fiji,2011,58.3
Fiji,2012,59.5
Fiji,2013,84.0
Fiji,2014,84.0
Finland,2004,8127.0
Finland,2005,8644.3
Finland,2006,8892.7
Finland,2007,9053.6
Finland,2008,9208.0
Finland,2009,9458.3
Finland,2010,9471.5
Finland,2011,9828.3
Finland,2012,9985.8
Finland,2013,10156.7
Finland,2014,10156.7
France,2004,53953.1
France,2005,58833.0
France,2006,61646.6
France,2007,63484.1
France,2008,66206.3
France,2009,68329.9
France,2010,69063.2
France,2011,70666.9
France,2012,72424.4
France,2013,72554.5
France,2014,72554.5
"Gambia, The",2004,36.9
"Gambia, The",2005,36.0
"Gambia, The",2006,46.2
"Gambia, The",2007,35.9
"Gambia, The",2008,41.7
"Gambia, The",2009,42.7
"Gambia, The",2010,45.4
"Gambia, The",2011,35.6
"Gambia, The",2012,37.9
"Gambia, The",2013,45.1
"Gambia, The",2014,45.1
Germany,2004,72934.4
Germany,2005,81765.2
Germany,2006,83335.1
Germany,2007,87319.9
Germany,2008,89470.3
Germany,2009,93328.5
Germany,2010,95135.1
Germany,2011,98492.8
Germany,2012,101777.8
Germany,2013,101073.9
Germany,2014,101073.9
Ghana,2004,168.4
Ghana,2005,183.0
Ghana,2006,195.5
Ghana,2007,262.8
Ghana,2008,285.3
Ghana,2009,361.8
Ghana,2010,402.8
Ghana,2011,485.4
Ghana,2012,539.7
Ghana,2013,583.3
Ghana,2014,583.3
Greece,2004,7595.6
Greece,2005,9055.5
Greece,2006,10500.0
Greece,2007,10838.3
Greece,2008,11532.9
Greece,2009,11802.2
Greece,2010,11668.3
Greece,2011,11599.0
Greece,2012,11674.0
Greece,2013,11370.4
Greece,2014,11370.4
Guatemala,2004,28.7
Guatemala,2005,52.9
Guatemala,2006,37.9
Guatemala,2007,34.5
Guatemala,2008,41.8
Guatemala,2009,64.6
Guatemala,2010,53.7
Guatemala,2011,48.8
Guatemala,2012,73.2
Guatemala,2013,80.5
Guatemala,2014,80.5
Guinea,2004,10.2
Guinea,2005,6.8
Guinea,2006,17.2
Guinea,2007,14.1
Guinea,2008,11.0
Guinea,2009,10.3
Guinea,2010,11.3
Guinea,2011,10.6
Guinea,2012,11.9
Guinea,2013,11.5
Guinea,2014,11.5
Guinea-Bissau,2004,9.6
Guinea-Bissau,2005,9.1
Guinea-Bissau,2006,5.7
Guinea-Bissau,2007,12.1
Guinea-Bissau,2008,6.9
Guinea-Bissau,2009,8.3
Guinea-Bissau,2010,5.8
Guinea-Bissau,2011,10.4
Guinea-Bissau,2012,13.1
Guinea-Bissau,2013,12.0
Guinea-Bissau,2014,12.0
Heavily indebted poor countries (HIPC),2004,1994.757453
Heavily indebted poor countries (HIPC),2005,2245.727589
Heavily indebted poor countries (HIPC),2006,2583.121876
Heavily indebted poor countries (HIPC),2007,3056.554181
Heavily indebted poor countries (HIPC),2008,3204.45842
Heavily indebted poor countries (HIPC),2009,3596.1
Heavily indebted poor countries (HIPC),2010,4063.7
Heavily indebted poor countries (HIPC),2011,4661.323541
Heavily indebted poor countries (HIPC),2012,4900.753163
Heavily indebted poor countries (HIPC),2013,5216.992103000001
Heavily indebted poor countries (HIPC),2014,5216.992103000001
High income,2004,995368.275
High income,2005,1100022.03
High income,2006,1147310.667
High income,2007,1188215.749
High income,2008,1221626.454
High income,2009,1264378.251
High income,2010,1296645.365
High income,2011,1346930.377
High income,2012,1385664.386
High income,2013,1396451.377
High income,2014,1396451.377
Honduras,2004,14.0
Honduras,2005,15.2
Honduras,2006,12.4
Honduras,2007,11.8
Honduras,2008,16.4
Honduras,2009,16.4
Honduras,2010,22.3
Honduras,2011,19.0
Honduras,2012,25.6
Honduras,2013,20.0
Honduras,2014,20.0
Hungary,2004,4597.2
Hungary,2005,5303.2
Hungary,2006,5331.4
Hungary,2007,5676.2
Hungary,2008,6196.0
Hungary,2009,5893.7
Hungary,2010,5718.8
Hungary,2011,6250.6
Hungary,2012,6340.5
Hungary,2013,6249.3
Hungary,2014,6249.3
Iceland,2004,299.9
Iceland,2005,345.2
Iceland,2006,347.5
Iceland,2007,359.9
Iceland,2008,424.4
Iceland,2009,489.0
Iceland,2010,550.5
Iceland,2011,539.8
Iceland,2012,627.5
Iceland,2013,575.9
Iceland,2014,575.9
India,2004,28734.7
India,2005,33090.1
India,2006,38321.9
India,2007,43421.1
India,2008,49101.4
India,2009,55646.4
India,2010,65915.9
India,2011,80515.4
India,2012,88272.7
India,2013,93349.4
India,2014,93349.4
Indonesia,2004,364.7
Indonesia,2005,468.6
Indonesia,2006,552.5
Indonesia,2007,542.3
Indonesia,2008,643.7
Indonesia,2009,956.1
Indonesia,2010,1281.3
Indonesia,2011,1769.3
Indonesia,2012,1992.1
Indonesia,2013,2927.7
Indonesia,2014,2927.7
"Iran, Islamic Rep.",2004,4844.1
"Iran, Islamic Rep.",2005,6919.6
"Iran, Islamic Rep.",2006,9936.9
"Iran, Islamic Rep.",2007,13187.7
"Iran, Islamic Rep.",2008,17251.4
"Iran, Islamic Rep.",2009,21100.2
"Iran, Islamic Rep.",2010,25683.2
"Iran, Islamic Rep.",2011,32975.5
"Iran, Islamic Rep.",2012,33720.5
"Iran, Islamic Rep.",2013,32964.8
"Iran, Islamic Rep.",2014,32964.8
Ireland,2004,3703.8
Ireland,2005,4588.9
Ireland,2006,4700.6
Ireland,2007,5323.0
Ireland,2008,5615.6
Ireland,2009,6269.0
Ireland,2010,6835.2
Ireland,2011,7189.5
Ireland,2012,6926.0
Ireland,2013,6874.0
Ireland,2014,6874.0
Israel,2004,9998.1
Israel,2005,10221.0
Israel,2006,10862.2
Israel,2007,11065.4
Israel,2008,11187.5
Israel,2009,11072.9
Israel,2010,10736.4
Israel,2011,11017.1
Israel,2012,11517.6
Israel,2013,11300.2
Israel,2014,11300.2
Italy,2004,42390.1
Italy,2005,46243.2
Italy,2006,49272.0
Italy,2007,52883.5
Italy,2008,54676.8
Italy,2009,57620.2
Italy,2010,57362.5
Italy,2011,58974.9
Italy,2012,63310.5
Italy,2013,66310.3
Italy,2014,66310.3
Jamaica,2004,154.3
Jamaica,2005,135.0
Jamaica,2006,140.9
Jamaica,2007,165.9
Jamaica,2008,198.2
Jamaica,2009,202.8
Jamaica,2010,156.6
Jamaica,2011,200.9
Jamaica,2012,208.4
Jamaica,2013,176.4
Jamaica,2014,176.4
Japan,2004,93882.3
Japan,2005,103860.8
Japan,2006,105130.0
Japan,2007,103023.2
Japan,2008,102616.6
Japan,2009,104732.1
Japan,2010,104015.0
Japan,2011,104795.2
Japan,2012,104313.9
Japan,2013,103376.6
Japan,2014,103376.6
Jordan,2004,742.2
Jordan,2005,790.0
Jordan,2006,949.5
Jordan,2007,1138.9
Jordan,2008,1312.6
Jordan,2009,1406.8
Jordan,2010,1510.4
Jordan,2011,1524.5
Jordan,2012,1514.2
Jordan,2013,1504.3
Jordan,2014,1504.3
Kazakhstan,2004,194.6
Kazakhstan,2005,229.0
Kazakhstan,2006,209.9
Kazakhstan,2007,206.7
Kazakhstan,2008,217.1
Kazakhstan,2009,265.5
Kazakhstan,2010,315.3
Kazakhstan,2011,376.4
Kazakhstan,2012,509.9
Kazakhstan,2013,879.0
Kazakhstan,2014,879.0
Kenya,2004,435.0
Kenya,2005,452.6
Kenya,2006,487.9
Kenya,2007,575.1
Kenya,2008,617.1
Kenya,2009,692.7
Kenya,2010,733.0
Kenya,2011,840.2
Kenya,2012,765.0
Kenya,2013,871.6
Kenya,2014,871.6
"Korea, Rep.",2004,26740.1
"Korea, Rep.",2005,30925.9
"Korea, Rep.",2006,36030.3
"Korea, Rep.",2007,40199.8
"Korea, Rep.",2008,43095.2
"Korea, Rep.",2009,44684.1
"Korea, Rep.",2010,49539.1
"Korea, Rep.",2011,53821.3
"Korea, Rep.",2012,56897.0
"Korea, Rep.",2013,58844.1
"Korea, Rep.",2014,58844.1
Kuwait,2004,538.8
Kuwait,2005,610.2
Kuwait,2006,658.9
Kuwait,2007,711.4
Kuwait,2008,748.7
Kuwait,2009,782.9
Kuwait,2010,740.9
Kuwait,2011,798.7
Kuwait,2012,820.8
Kuwait,2013,843.8
Kuwait,2014,843.8
Latin America & Caribbean,2004,37270.74072
Latin America & Caribbean,2005,42046.5202
Latin America & Caribbean,2006,51035.08579
Latin America & Caribbean,2007,54848.29682
Latin America & Caribbean,2008,62602.90327
Latin America & Caribbean,2009,68089.39235
Latin America & Caribbean,2010,72200.36487
Latin America & Caribbean,2011,76930.9135
Latin America & Caribbean,2012,83281.08258
Latin America & Caribbean,2013,85553.54673
Latin America & Caribbean,2014,85553.54673
Latin America & Caribbean (excluding high income),2004,34272.023180000004
Latin America & Caribbean (excluding high income),2005,38670.73151000001
Latin America & Caribbean (excluding high income),2006,47064.96395
Latin America & Caribbean (excluding high income),2007,50436.74734
Latin America & Caribbean (excluding high income),2008,57663.59801
Latin America & Caribbean (excluding high income),2009,62748.26237
Latin America & Caribbean (excluding high income),2010,66742.1
Latin America & Caribbean (excluding high income),2011,70908.6
Latin America & Caribbean (excluding high income),2012,76720.9
Latin America & Caribbean (excluding high income),2013,78966.9
Latin America & Caribbean (excluding high income),2014,78966.9
Latvia,2004,263.8
Latvia,2005,403.1
Latvia,2006,341.3
Latvia,2007,435.4
Latvia,2008,554.8
Latvia,2009,648.7
Latvia,2010,728.6
Latvia,2011,1215.5
Latvia,2012,1135.8
Latvia,2013,1206.8
Latvia,2014,1206.8
Least developed countries: UN classification,2004,2246.521416
Least developed countries: UN classification,2005,2531.3659780000007
Least developed countries: UN classification,2006,3003.336184
Least developed countries: UN classification,2007,3607.650583
Least developed countries: UN classification,2008,3781.954283
Least developed countries: UN classification,2009,4442.673627
Least developed countries: UN classification,2010,5104.165164
Least developed countries: UN classification,2011,5672.015707000001
Least developed countries: UN classification,2012,6367.632622
Least developed countries: UN classification,2013,6554.197231
Least developed countries: UN classification,2014,6554.197231
Lesotho,2004,5.9
Lesotho,2005,4.7
Lesotho,2006,9.8
Lesotho,2007,9.6
Lesotho,2008,12.9
Lesotho,2009,8.7
Lesotho,2010,8.6
Lesotho,2011,10.3
Lesotho,2012,18.2
Lesotho,2013,12.4
Lesotho,2014,12.4
Low & middle income,2004,257385.5582
Low & middle income,2005,329203.985
Low & middle income,2006,377411.0306
Low & middle income,2007,426634.7794
Low & middle income,2008,488264.0047
Low & middle income,2009,559381.4034
Low & middle income,2010,618899.7306
Low & middle income,2011,706473.5065
Low & middle income,2012,749603.0968
Low & middle income,2013,797637.484
Low & middle income,2014,797637.484
Low income,2004,1654.248688
Low income,2005,1830.106858
Low income,2006,2197.208239
Low income,2007,2475.259771
Low income,2008,2339.647243
Low income,2009,2723.172598
Low income,2010,2973.390813
Low income,2011,3373.821429
Low income,2012,3654.285802
Low income,2013,3908.679412
Low income,2014,3908.679412
Lower middle income,2004,47258.88114
Lower middle income,2005,54155.91777000001
Lower middle income,2006,61948.68384
Lower middle income,2007,70332.61319
Lower middle income,2008,79232.52126000001
Lower middle income,2009,90488.08432
Lower middle income,2010,104819.3409
Lower middle income,2011,124505.9434
Lower middle income,2012,135164.6302
Lower middle income,2013,143876.6836
Lower middle income,2014,143876.6836
Madagascar,2004,50.0
Madagascar,2005,58.0
Madagascar,2006,62.8
Madagascar,2007,108.7
Madagascar,2008,82.0
Madagascar,2009,85.0
Madagascar,2010,80.9
Madagascar,2011,95.1
Madagascar,2012,93.9
Madagascar,2013,113.2
Madagascar,2014,113.2
Malawi,2004,79.3
Malawi,2005,81.2
Malawi,2006,84.6
Malawi,2007,128.4
Malawi,2008,145.4
Malawi,2009,117.6
Malawi,2010,148.0
Malawi,2011,170.9
Malawi,2012,170.3
Malawi,2013,156.5
Malawi,2014,156.5
Malaysia,2004,1989.9
Malaysia,2005,2391.0
Malaysia,2006,3155.6
Malaysia,2007,3850.7
Malaysia,2008,6216.2
Malaysia,2009,8549.7
Malaysia,2010,11280.7
Malaysia,2011,14962.2
Malaysia,2012,15730.5
Malaysia,2013,17720.1
Malaysia,2014,17720.1
Maldives,2004,2.3
Maldives,2005,3.2
Maldives,2006,5.1
Maldives,2007,4.7
Maldives,2008,0.9
Maldives,2009,3.0
Maldives,2010,2.8
Maldives,2011,6.7
Maldives,2012,9.1
Maldives,2013,5.3
Maldives,2014,5.3
Mali,2004,32.8
Mali,2005,42.8
Mali,2006,53.1
Mali,2007,53.4
Mali,2008,50.4
Mali,2009,65.1
Mali,2010,61.7
Mali,2011,77.2
Mali,2012,84.3
Mali,2013,64.2
Mali,2014,64.2
Mauritius,2004,55.0
Mauritius,2005,56.1
Mauritius,2006,59.0
Mauritius,2007,58.1
Mauritius,2008,64.9
Mauritius,2009,77.0
Mauritius,2010,87.9
Mauritius,2011,59.0
Mauritius,2012,102.6
Mauritius,2013,109.5
Mauritius,2014,109.5
Mexico,2004,7135.8
Mexico,2005,8166.2
Mexico,2006,9191.4
Mexico,2007,9348.5
Mexico,2008,10289.0
Mexico,2009,10701.0
Mexico,2010,11301.3
Mexico,2011,11877.0
Mexico,2012,12462.8
Mexico,2013,13112.4
Mexico,2014,13112.4
Middle East & North Africa,2004,26309.6
Middle East & North Africa,2005,29652.5
Middle East & North Africa,2006,35149.7
Middle East & North Africa,2007,40310.5
Middle East & North Africa,2008,46827.4
Middle East & North Africa,2009,54183.5
Middle East & North Africa,2010,61141.3
Middle East & North Africa,2011,72864.3
Middle East & North Africa,2012,78049.5
Middle East & North Africa,2013,80218.8
Middle East & North Africa,2014,80218.8
Middle East & North Africa (excluding high income),2004,12942.2
Middle East & North Africa (excluding high income),2005,15713.5
Middle East & North Africa (excluding high income),2006,20209.2
Middle East & North Africa (excluding high income),2007,24894.4
Middle East & North Africa (excluding high income),2008,30787.9
Middle East & North Africa (excluding high income),2009,37348.7
Middle East & North Africa (excluding high income),2010,43481.9
Middle East & North Africa (excluding high income),2011,53013.0
Middle East & North Africa (excluding high income),2012,56295.6
Middle East & North Africa (excluding high income),2013,56863.4
Middle East & North Africa (excluding high income),2014,56863.4
Middle income,2004,255317.9623
Middle income,2005,326839.963
Middle income,2006,374603.538
Middle income,2007,423469.4831
Middle income,2008,485125.6143
Middle income,2009,555743.9104
Middle income,2010,614914.137
Middle income,2011,701943.7724
Middle income,2012,744723.6598
Middle income,2013,792425.5068
Middle income,2014,792425.5068
Moldova,2004,104.9
Moldova,2005,173.0
Moldova,2006,138.4
Moldova,2007,148.3
Moldova,2008,166.2
Moldova,2009,196.8
Moldova,2010,174.8
Moldova,2011,204.1
Moldova,2012,228.0
Moldova,2013,226.6
Moldova,2014,226.6
Morocco,2004,941.7
Morocco,2005,916.1
Morocco,2006,986.9
Morocco,2007,1048.5
Morocco,2008,1216.9
Morocco,2009,1499.0
Morocco,2010,1683.7
Morocco,2011,2045.7
Morocco,2012,2380.4
Morocco,2013,2536.4
Morocco,2014,2536.4
Mozambique,2004,30.9
Mozambique,2005,34.5
Mozambique,2006,45.3
Mozambique,2007,41.7
Mozambique,2008,45.0
Mozambique,2009,58.9
Mozambique,2010,44.6
Mozambique,2011,72.9
Mozambique,2012,60.4
Mozambique,2013,67.8
Mozambique,2014,67.8
Namibia,2004,29.8
Namibia,2005,49.1
Namibia,2006,35.9
Namibia,2007,39.8
Namibia,2008,34.5
Namibia,2009,35.8
Namibia,2010,43.2
Namibia,2011,50.0
Namibia,2012,65.6
Namibia,2013,79.3
Namibia,2014,79.3
Netherlands,2004,20732.5
Netherlands,2005,23481.0
Netherlands,2006,24054.8
Netherlands,2007,25114.0
Netherlands,2008,25969.5
Netherlands,2009,27967.6
Netherlands,2010,28272.6
Netherlands,2011,29226.7
Netherlands,2012,30262.1
Netherlands,2013,30412.4
Netherlands,2014,30412.4
New Zealand,2004,4635.9
New Zealand,2005,5112.6
New Zealand,2006,5444.8
New Zealand,2007,5823.7
New Zealand,2008,6141.2
New Zealand,2009,6380.3
New Zealand,2010,6601.6
New Zealand,2011,7161.5
New Zealand,2012,7398.1
New Zealand,2013,7244.3
New Zealand,2014,7244.3
Nicaragua,2004,16.3
Nicaragua,2005,20.6
Nicaragua,2006,32.7
Nicaragua,2007,22.8
Nicaragua,2008,31.3
Nicaragua,2009,29.2
Nicaragua,2010,32.2
Nicaragua,2011,31.7
Nicaragua,2012,33.4
Nicaragua,2013,28.2
Nicaragua,2014,28.2
Niger,2004,21.5
Niger,2005,22.0
Niger,2006,29.2
Niger,2007,29.7
Niger,2008,26.9
Niger,2009,53.5
Niger,2010,67.5
Niger,2011,33.1
Niger,2012,31.2
Niger,2013,35.7
Niger,2014,35.7
Nigeria,2004,1266.2
Nigeria,2005,1600.3
Nigeria,2006,2287.7
Nigeria,2007,2818.9
Nigeria,2008,2887.4
Nigeria,2009,3623.8
Nigeria,2010,4063.1
Nigeria,2011,4456.1
Nigeria,2012,3904.8
Nigeria,2013,3653.7
Nigeria,2014,3653.7
North America,2004,375509.4098
North America,2005,409777.7082
North America,2006,419138.5834
North America,2007,428012.4662
North America,2008,434639.5229
North America,2009,442419.2982
North America,2010,453628.1238
North America,2011,465842.3401
North America,2012,473268.5483
North America,2013,470427.4095
North America,2014,470427.4095
Norway,2004,5459.6
Norway,2005,6522.5
Norway,2006,6940.4
Norway,2007,7492.6
Norway,2008,7691.5
Norway,2009,8615.3
Norway,2010,8825.9
Norway,2011,9443.0
Norway,2012,10039.8
Norway,2013,9853.6
Norway,2014,9853.6
OECD members,2004,976075.4
OECD members,2005,1077831.5
OECD members,2006,1124003.7
OECD members,2007,1163736.6
OECD members,2008,1194598.4
OECD members,2009,1236580.2
OECD members,2010,1266705.8
OECD members,2011,1313440.7
OECD members,2012,1351750.0
OECD members,2013,1363074.1
OECD members,2014,1363074.1
Oman,2004,293.4
Oman,2005,314.5
Oman,2006,326.3
Oman,2007,375.1
Oman,2008,372.0
Oman,2009,423.7
Oman,2010,472.7
Oman,2011,603.3
Oman,2012,588.3
Oman,2013,657.6
Oman,2014,657.6
Pakistan,2004,1556.4
Pakistan,2005,2237.6
Pakistan,2006,2787.2
Pakistan,2007,3337.5
Pakistan,2008,3983.9
Pakistan,2009,4944.3
Pakistan,2010,5677.2
Pakistan,2011,6698.7
Pakistan,2012,6980.6
Pakistan,2013,7771.5
Pakistan,2014,7771.5
Papua New Guinea,2004,40.2
Papua New Guinea,2005,34.1
Papua New Guinea,2006,40.5
Papua New Guinea,2007,57.6
Papua New Guinea,2008,59.7
Papua New Guinea,2009,43.7
Papua New Guinea,2010,51.3
Papua New Guinea,2011,46.0
Papua New Guinea,2012,60.6
Papua New Guinea,2013,43.6
Papua New Guinea,2014,43.6
Paraguay,2004,25.3
Paraguay,2005,26.8
Paraguay,2006,28.1
Paraguay,2007,31.0
Paraguay,2008,38.7
Paraguay,2009,36.4
Paraguay,2010,38.3
Paraguay,2011,55.9
Paraguay,2012,57.6
Paraguay,2013,61.0
Paraguay,2014,61.0
Peru,2004,194.4
Peru,2005,216.9
Peru,2006,284.3
Peru,2007,290.6
Peru,2008,345.4
Peru,2009,397.5
Peru,2010,466.8
Peru,2011,545.7
Peru,2012,563.9
Peru,2013,647.8
Peru,2014,647.8
Philippines,2004,344.0
Philippines,2005,428.4
Philippines,2006,414.4
Philippines,2007,457.8
Philippines,2008,525.9
Philippines,2009,585.5
Philippines,2010,652.3
Philippines,2011,841.5
Philippines,2012,842.4
Philippines,2013,915.8
Philippines,2014,915.8
Poland,2004,16647.0
Poland,2005,18538.5
Poland,2006,20295.6
Poland,2007,20379.3
Poland,2008,22213.9
Poland,2009,22721.8
Poland,2010,23706.2
Poland,2011,25044.3
Poland,2012,27064.7
Poland,2013,28753.3
Poland,2014,28753.3
Portugal,2004,4958.3
Portugal,2005,5723.4
Portugal,2006,6969.5
Portugal,2007,7350.5
Portugal,2008,8469.0
Portugal,2009,9329.2
Portugal,2010,10283.4
Portugal,2011,11610.5
Portugal,2012,12623.0
Portugal,2013,13555.6
Portugal,2014,13555.6
Russian Federation,2004,25964.7
Russian Federation,2005,28158.0
Russian Federation,2006,27237.0
Russian Federation,2007,28285.8
Russian Federation,2008,29569.8
Russian Federation,2009,30294.2
Russian Federation,2010,31607.1
Russian Federation,2011,33615.6
Russian Federation,2012,33260.4
Russian Federation,2013,35542.3
Russian Federation,2014,35542.3
Rwanda,2004,9.8
Rwanda,2005,7.3
Rwanda,2006,18.0
Rwanda,2007,21.7
Rwanda,2008,26.3
Rwanda,2009,33.1
Rwanda,2010,54.2
Rwanda,2011,55.8
Rwanda,2012,62.7
Rwanda,2013,91.1
Rwanda,2014,91.1
Saudi Arabia,2004,1689.2
Saudi Arabia,2005,1724.2
Saudi Arabia,2006,1875.3
Saudi Arabia,2007,2002.0
Saudi Arabia,2008,2232.9
Saudi Arabia,2009,2895.0
Saudi Arabia,2010,3755.9
Saudi Arabia,2011,5205.0
Saudi Arabia,2012,6227.1
Saudi Arabia,2013,7635.6
Saudi Arabia,2014,7635.6
Senegal,2004,129.8
Senegal,2005,166.4
Senegal,2006,139.7
Senegal,2007,169.9
Senegal,2008,170.6
Senegal,2009,177.8
Senegal,2010,198.8
Senegal,2011,275.0
Senegal,2012,298.0
Senegal,2013,295.8
Senegal,2014,295.8
Singapore,2004,7232.1
Singapore,2005,7757.1
Singapore,2006,7985.6
Singapore,2007,8015.1
Singapore,2008,8468.4
Singapore,2009,8799.7
Singapore,2010,9617.0
Singapore,2011,9896.5
Singapore,2012,10602.3
Singapore,2013,10658.5
Singapore,2014,10658.5
Slovenia,2004,1879.8
Slovenia,2005,2310.8
Slovenia,2006,2391.2
Slovenia,2007,2658.6
Slovenia,2008,2976.0
Slovenia,2009,3183.3
Slovenia,2010,3218.9
Slovenia,2011,3624.3
Slovenia,2012,3550.4
Slovenia,2013,3514.2
Slovenia,2014,3514.2
Solomon Islands,2004,2.6
Solomon Islands,2005,3.1
Solomon Islands,2006,6.6
Solomon Islands,2007,4.3
Solomon Islands,2008,2.9
Solomon Islands,2009,3.4
Solomon Islands,2010,7.8
Solomon Islands,2011,7.4
Solomon Islands,2012,5.0
Solomon Islands,2013,4.3
Solomon Islands,2014,4.3
South Africa,2004,4607.3
South Africa,2005,4901.2
South Africa,2006,5485.3
South Africa,2007,5724.5
South Africa,2008,6137.3
South Africa,2009,6949.7
South Africa,2010,7531.0
South Africa,2011,8471.5
South Africa,2012,8955.4
South Africa,2013,9679.1
South Africa,2014,9679.1
South Asia,2004,31237.8
South Asia,2005,36487.0
South Asia,2006,42496.0
South Asia,2007,48509.3
South Asia,2008,54958.7
South Asia,2009,62711.5
South Asia,2010,74043.5
South Asia,2011,89794.7
South Asia,2012,98401.1
South Asia,2013,104307.1
South Asia,2014,104307.1
Spain,2004,30934.5
Spain,2005,35197.0
Spain,2006,38778.5
Spain,2007,41318.2
Spain,2008,43309.2
Spain,2009,46712.2
Spain,2010,48291.9
Spain,2011,51288.4
Spain,2012,53644.8
Spain,2013,53342.1
Spain,2014,53342.1
Sri Lanka,2004,251.6
Sri Lanka,2005,329.0
Sri Lanka,2006,381.3
Sri Lanka,2007,433.9
Sri Lanka,2008,491.0
Sri Lanka,2009,480.8
Sri Lanka,2010,498.1
Sri Lanka,2011,577.1
Sri Lanka,2012,595.8
Sri Lanka,2013,713.1
Sri Lanka,2014,713.1
Sub-Saharan Africa,2004,8709.195746
Sub-Saharan Africa,2005,9602.23128
Sub-Saharan Africa,2006,11365.23538
Sub-Saharan Africa,2007,12661.63929
Sub-Saharan Africa,2008,13315.2712
Sub-Saharan Africa,2009,15357.44726
Sub-Saharan Africa,2010,16961.71056
Sub-Saharan Africa,2011,19014.80571
Sub-Saharan Africa,2012,19193.48529
Sub-Saharan Africa,2013,20163.95492
Sub-Saharan Africa,2014,20163.95492
Sub-Saharan Africa (excluding high income),2004,8704.147715000001
Sub-Saharan Africa (excluding high income),2005,9597.285498
Sub-Saharan Africa (excluding high income),2006,11356.14372
Sub-Saharan Africa (excluding high income),2007,12649.21055
Sub-Saharan Africa (excluding high income),2008,13303.55159
Sub-Saharan Africa (excluding high income),2009,15350.28296
Sub-Saharan Africa (excluding high income),2010,16953.84003
Sub-Saharan Africa (excluding high income),2011,19004.81303
Sub-Saharan Africa (excluding high income),2012,19183.59401
Sub-Saharan Africa (excluding high income),2013,20148.39905
Sub-Saharan Africa (excluding high income),2014,20148.39905
Sudan,2004,99.9
Sudan,2005,100.6
Sudan,2006,108.6
Sudan,2007,147.6
Sudan,2008,188.9
Sudan,2009,264.0
Sudan,2010,309.8
Sudan,2011,341.9
Sudan,2012,312.4
Sudan,2013,375.1
Sudan,2014,375.1
Suriname,2004,4.6
Suriname,2005,4.8
Suriname,2006,5.2
Suriname,2007,5.8
Suriname,2008,5.1
Suriname,2009,4.5
Suriname,2010,6.7
Suriname,2011,4.2
Suriname,2012,9.5
Suriname,2013,15.2
Suriname,2014,15.2
Swaziland,2004,11.3
Swaziland,2005,18.8
Swaziland,2006,17.3
Swaziland,2007,14.8
Swaziland,2008,27.5
Swaziland,2009,35.7
Swaziland,2010,54.9
Swaziland,2011,47.1
Swaziland,2012,35.3
Swaziland,2013,37.9
Swaziland,2014,37.9
Sweden,2004,14991.1
Sweden,2005,16147.3
Sweden,2006,16427.5
Sweden,2007,16506.0
Sweden,2008,16286.6
Sweden,2009,16831.5
Sweden,2010,17307.0
Sweden,2011,17948.8
Sweden,2012,18864.1
Sweden,2013,19361.8
Sweden,2014,19361.8
Switzerland,2004,13753.7
Switzerland,2005,15151.3
Switzerland,2006,16214.1
Switzerland,2007,16702.5
Switzerland,2008,17121.9
Switzerland,2009,17836.8
Switzerland,2010,18545.5
Switzerland,2011,19483.7
Switzerland,2012,20613.6
Switzerland,2013,21060.4
Switzerland,2014,21060.4
Tanzania,2004,188.4
Tanzania,2005,202.1
Tanzania,2006,273.7
Tanzania,2007,289.7
Tanzania,2008,290.0
Tanzania,2009,315.1
Tanzania,2010,369.0
Tanzania,2011,414.5
Tanzania,2012,374.6
Tanzania,2013,378.9
Tanzania,2014,378.9
Thailand,2004,2687.7
Thailand,2005,3498.3
Thailand,2006,4271.0
Thailand,2007,4788.1
Thailand,2008,5709.1
Thailand,2009,5989.1
Thailand,2010,6966.2
Thailand,2011,7553.3
Thailand,2012,8364.7
Thailand,2013,8630.8
Thailand,2014,8630.8
Togo,2004,22.6
Togo,2005,26.0
Togo,2006,28.9
Togo,2007,33.5
Togo,2008,40.0
Togo,2009,42.3
Togo,2010,49.9
Togo,2011,52.6
Togo,2012,54.2
Togo,2013,69.1
Togo,2014,69.1
Trinidad and Tobago,2004,126.2
Trinidad and Tobago,2005,166.8
Trinidad and Tobago,2006,138.8
Trinidad and Tobago,2007,177.1
Trinidad and Tobago,2008,166.1
Trinidad and Tobago,2009,215.5
Trinidad and Tobago,2010,197.5
Trinidad and Tobago,2011,227.3
Trinidad and Tobago,2012,203.1
Trinidad and Tobago,2013,159.9
Trinidad and Tobago,2014,159.9
Tunisia,2004,1330.4
Tunisia,2005,1670.0
Tunisia,2006,1917.9
Tunisia,2007,2320.0
Tunisia,2008,2748.6
Tunisia,2009,3194.5
Tunisia,2010,3461.9
Tunisia,2011,3771.8
Tunisia,2012,3859.8
Tunisia,2013,4206.8
Tunisia,2014,4206.8
Turkey,2004,15462.5
Turkey,2005,17555.1
Turkey,2006,19371.9
Turkey,2007,21396.4
Turkey,2008,21816.2
Turkey,2009,24885.0
Turkey,2010,26172.8
Turkey,2011,27355.1
Turkey,2012,28329.2
Turkey,2013,30402.3
Turkey,2014,30402.3
Uganda,2004,202.4
Uganda,2005,216.8
Uganda,2006,212.8
Uganda,2007,281.2
Uganda,2008,258.8
Uganda,2009,317.5
Uganda,2010,410.7
Uganda,2011,443.8
Uganda,2012,454.7
Uganda,2013,473.9
Uganda,2014,473.9
Ukraine,2004,4738.9
Ukraine,2005,5057.5
Ukraine,2006,4994.2
Ukraine,2007,5156.0
Ukraine,2008,5478.8
Ukraine,2009,5312.1
Ukraine,2010,5711.9
Ukraine,2011,6118.7
Ukraine,2012,6561.4
Ukraine,2013,7217.8
Ukraine,2014,7217.8
United Arab Emirates,2004,520.2
United Arab Emirates,2005,673.2
United Arab Emirates,2006,779.1
United Arab Emirates,2007,735.6
United Arab Emirates,2008,878.0
United Arab Emirates,2009,995.2
United Arab Emirates,2010,1173.8
United Arab Emirates,2011,1397.3
United Arab Emirates,2012,1588.3
United Arab Emirates,2013,1679.1
United Arab Emirates,2014,1679.1
United States,2004,335064.2
United States,2005,363815.9
United States,2006,371105.3
United States,2007,376882.9
United States,2008,382256.8
United States,2009,388037.2
United States,2010,398121.9
United States,2011,409369.8
United States,2012,414758.5
United States,2013,412541.5
United States,2014,412541.5
Upper middle income,2004,208027.0398
Upper middle income,2005,272640.9196
Upper middle income,2006,312605.3857
Upper middle income,2007,353081.0491
Upper middle income,2008,405828.6446
Upper middle income,2009,465181.8915
Upper middle income,2010,510015.5729
Upper middle income,2011,577348.256
Upper middle income,2012,609465.1824
Upper middle income,2013,648448.9855
Upper middle income,2014,648448.9855
Uruguay,2004,298.9
Uruguay,2005,342.5
Uruguay,2006,355.0
Uruguay,2007,381.6
Uruguay,2008,443.2
Uruguay,2009,486.2
Uruguay,2010,509.3
Uruguay,2011,579.2
Uruguay,2012,584.1
Uruguay,2013,590.6
Uruguay,2014,590.6
Uzbekistan,2004,329.9
Uzbekistan,2005,301.3
Uzbekistan,2006,291.2
Uzbekistan,2007,352.1
Uzbekistan,2008,299.1
Uzbekistan,2009,336.4
Uzbekistan,2010,380.8
Uzbekistan,2011,371.3
Uzbekistan,2012,321.1
Uzbekistan,2013,346.6
Uzbekistan,2014,346.6
"Venezuela, RB",2004,1083.1
"Venezuela, RB",2005,1260.6
"Venezuela, RB",2006,1339.7
"Venezuela, RB",2007,1399.6
"Venezuela, RB",2008,1633.0
"Venezuela, RB",2009,1650.8
"Venezuela, RB",2010,1490.1
"Venezuela, RB",2011,1277.3
"Venezuela, RB",2012,1387.8
"Venezuela, RB",2013,1196.1
"Venezuela, RB",2014,1196.1
World,2004,1245379.318
World,2005,1421145.492
World,2006,1516346.5969999996
World,2007,1606232.429
World,2008,1701106.816
World,2009,1814752.382
World,2010,1906379.934
World,2011,2043980.219
World,2012,2125608.2180000003
World,2013,2184419.897
World,2014,2184419.897
"Yemen, Rep.",2004,38.9
"Yemen, Rep.",2005,44.3
"Yemen, Rep.",2006,52.0
"Yemen, Rep.",2007,46.1
"Yemen, Rep.",2008,59.0
"Yemen, Rep.",2009,81.3
"Yemen, Rep.",2010,106.3
"Yemen, Rep.",2011,119.0
"Yemen, Rep.",2012,118.7
"Yemen, Rep.",2013,127.1
"Yemen, Rep.",2014,127.1
Zambia,2004,43.6
Zambia,2005,59.9
Zambia,2006,68.9
Zambia,2007,69.5
Zambia,2008,91.0
Zambia,2009,73.3
Zambia,2010,92.0
Zambia,2011,107.7
Zambia,2012,108.8
Zambia,2013,117.3
Zambia,2014,117.3
Zimbabwe,2004,133.6
Zimbabwe,2005,129.9
Zimbabwe,2006,167.2
Zimbabwe,2007,169.7
Zimbabwe,2008,130.1
Zimbabwe,2009,118.9
Zimbabwe,2010,155.0
Zimbabwe,2011,149.8
Zimbabwe,2012,186.6
Zimbabwe,2013,210.2
Zimbabwe,2014,210.2
